address_id,address,address2,district,city_id,postal_code,phone,last_update
1,47 MySakila Drive,, ,300,, ,2025-01-29 21:20:59.762303
2,28 MySQL Boulevard,, ,576,, ,2025-01-29 21:26:05.404751
3,23 Workhaven Lane,, ,300,, ,2025-01-29 21:26:05.404751
4,1411 Lillydale Drive,, ,576,, ,2025-01-29 21:26:05.404751
5,1913 Hanoi Way,, ,463,35200, ,2025-01-29 21:26:05.404751
6,1121 Loja Avenue,, ,449,17886, ,2025-01-29 21:26:05.404751
7,692 Joliet Street,, ,38,83579, ,2025-01-29 21:26:05.404751
8,1566 Inegl Manor,, ,349,53561, ,2025-01-29 21:26:05.404751
9,53 Idfu Parkway,, ,361,42399, ,2025-01-29 21:26:05.404751
10,1795 Santiago de Compostela Way,, ,295,18743, ,2025-01-29 21:26:05.404751
11,900 Santiago de Compostela Parkway,, ,280,93896, ,2025-01-29 21:26:05.404751
12,478 Joliet Way,, ,200,77948, ,2025-01-29 21:26:05.404751
13,613 Korolev Drive,, ,329,45844, ,2025-01-29 21:26:05.404751
14,1531 Sal Drive,, ,162,53628, ,2025-01-29 21:26:05.404751
15,1542 Tarlac Parkway,, ,440,1027, ,2025-01-29 21:26:05.404751
16,808 Bhopal Manor,, ,582,10672, ,2025-01-29 21:26:05.404751
17,270 Amroha Parkway,, ,384,29610, ,2025-01-29 21:26:05.404751
18,770 Bydgoszcz Avenue,, ,120,16266, ,2025-01-29 21:26:05.404751
19,419 Iligan Lane,, ,76,72878, ,2025-01-29 21:26:05.404751
20,360 Toulouse Parkway,, ,495,54308, ,2025-01-29 21:26:05.404751
21,270 Toulon Boulevard,, ,156,81766, ,2025-01-29 21:26:05.404751
22,320 Brest Avenue,, ,252,43331, ,2025-01-29 21:26:05.404751
23,1417 Lancaster Avenue,, ,267,72192, ,2025-01-29 21:26:05.404751
24,1688 Okara Way,, ,327,21954, ,2025-01-29 21:26:05.404751
25,262 A Corua (La Corua) Parkway,, ,525,34418, ,2025-01-29 21:26:05.404751
26,28 Charlotte Amalie Street,, ,443,37551, ,2025-01-29 21:26:05.404751
27,1780 Hino Boulevard,, ,303,7716, ,2025-01-29 21:26:05.404751
28,96 Tafuna Way,, ,128,99865, ,2025-01-29 21:26:05.404751
29,934 San Felipe de Puerto Plata Street,, ,472,99780, ,2025-01-29 21:26:05.404751
30,18 Duisburg Boulevard,, ,121,58327, ,2025-01-29 21:26:05.404751
31,217 Botshabelo Place,, ,138,49521, ,2025-01-29 21:26:05.404751
32,1425 Shikarpur Manor,, ,346,65599, ,2025-01-29 21:26:05.404751
33,786 Aurora Avenue,, ,474,65750, ,2025-01-29 21:26:05.404751
34,1668 Anpolis Street,, ,316,50199, ,2025-01-29 21:26:05.404751
35,33 Gorontalo Way,, ,257,30348, ,2025-01-29 21:26:05.404751
36,176 Mandaluyong Place,, ,239,65213, ,2025-01-29 21:26:05.404751
37,127 Purnea (Purnia) Manor,, ,17,79388, ,2025-01-29 21:26:05.404751
38,61 Tama Street,, ,284,94065, ,2025-01-29 21:26:05.404751
39,391 Callao Drive,, ,544,34021, ,2025-01-29 21:26:05.404751
40,334 Munger (Monghyr) Lane,, ,31,38145, ,2025-01-29 21:26:05.404751
41,1440 Fukuyama Loop,, ,362,47929, ,2025-01-29 21:26:05.404751
42,269 Cam Ranh Parkway,, ,115,34689, ,2025-01-29 21:26:05.404751
43,306 Antofagasta Place,, ,569,3989, ,2025-01-29 21:26:05.404751
44,671 Graz Street,, ,353,94399, ,2025-01-29 21:26:05.404751
45,42 Brindisi Place,, ,586,16744, ,2025-01-29 21:26:05.404751
46,1632 Bislig Avenue,, ,394,61117, ,2025-01-29 21:26:05.404751
47,1447 Imus Way,, ,167,48942, ,2025-01-29 21:26:05.404751
48,1998 Halifax Drive,, ,308,76022, ,2025-01-29 21:26:05.404751
49,1718 Valencia Street,, ,27,37359, ,2025-01-29 21:26:05.404751
50,46 Pjatigorsk Lane,, ,343,23616, ,2025-01-29 21:26:05.404751
51,686 Garland Manor,, ,247,52535, ,2025-01-29 21:26:05.404751
52,909 Garland Manor,, ,367,69367, ,2025-01-29 21:26:05.404751
53,725 Isesaki Place,, ,237,74428, ,2025-01-29 21:26:05.404751
54,115 Hidalgo Parkway,, ,379,80168, ,2025-01-29 21:26:05.404751
55,1135 Izumisano Parkway,, ,171,48150, ,2025-01-29 21:26:05.404751
56,939 Probolinggo Loop,, ,1,4166, ,2025-01-29 21:26:05.404751
57,17 Kabul Boulevard,, ,355,38594, ,2025-01-29 21:26:05.404751
58,1964 Allappuzha (Alleppey) Street,, ,227,48980, ,2025-01-29 21:26:05.404751
59,1697 Kowloon and New Kowloon Loop,, ,49,57807, ,2025-01-29 21:26:05.404751
60,1668 Saint Louis Place,, ,397,39072, ,2025-01-29 21:26:05.404751
61,943 Tokat Street,, ,560,45428, ,2025-01-29 21:26:05.404751
62,1114 Liepaja Street,, ,282,69226, ,2025-01-29 21:26:05.404751
63,1213 Ranchi Parkway,, ,350,94352, ,2025-01-29 21:26:05.404751
64,81 Hodeida Way,, ,231,55561, ,2025-01-29 21:26:05.404751
65,915 Ponce Place,, ,56,83980, ,2025-01-29 21:26:05.404751
66,1717 Guadalajara Lane,, ,441,85505, ,2025-01-29 21:26:05.404751
67,1214 Hanoi Way,, ,306,67055, ,2025-01-29 21:26:05.404751
68,1966 Amroha Avenue,, ,139,70385, ,2025-01-29 21:26:05.404751
69,698 Otsu Street,, ,105,71110, ,2025-01-29 21:26:05.404751
70,1150 Kimchon Manor,, ,321,96109, ,2025-01-29 21:26:05.404751
71,1586 Guaruj Place,, ,579,5135, ,2025-01-29 21:26:05.404751
72,57 Arlington Manor,, ,475,48960, ,2025-01-29 21:26:05.404751
73,1031 Daugavpils Parkway,, ,63,59025, ,2025-01-29 21:26:05.404751
74,1124 Buenaventura Drive,, ,13,6856, ,2025-01-29 21:26:05.404751
75,492 Cam Ranh Street,, ,61,50805, ,2025-01-29 21:26:05.404751
76,89 Allappuzha (Alleppey) Manor,, ,517,75444, ,2025-01-29 21:26:05.404751
77,1947 Poos de Caldas Boulevard,, ,114,60951, ,2025-01-29 21:26:05.404751
78,1206 Dos Quebradas Place,, ,431,20207, ,2025-01-29 21:26:05.404751
79,1551 Rampur Lane,, ,108,72394, ,2025-01-29 21:26:05.404751
80,602 Paarl Street,, ,402,98889, ,2025-01-29 21:26:05.404751
81,1692 Ede Loop,, ,30,9223, ,2025-01-29 21:26:05.404751
82,936 Salzburg Lane,, ,425,96709, ,2025-01-29 21:26:05.404751
83,586 Tete Way,, ,256,1079, ,2025-01-29 21:26:05.404751
84,1888 Kabul Drive,, ,217,20936, ,2025-01-29 21:26:05.404751
85,320 Baiyin Parkway,, ,319,37307, ,2025-01-29 21:26:05.404751
86,927 Baha Blanca Parkway,, ,479,9495, ,2025-01-29 21:26:05.404751
87,929 Tallahassee Loop,, ,497,74671, ,2025-01-29 21:26:05.404751
88,125 Citt del Vaticano Boulevard,, ,40,67912, ,2025-01-29 21:26:05.404751
89,1557 Ktahya Boulevard,, ,88,88002, ,2025-01-29 21:26:05.404751
90,870 Ashqelon Loop,, ,489,84931, ,2025-01-29 21:26:05.404751
91,1740 Portoviejo Avenue,, ,480,29932, ,2025-01-29 21:26:05.404751
92,1942 Ciparay Parkway,, ,113,82624, ,2025-01-29 21:26:05.404751
93,1926 El Alto Avenue,, ,289,75543, ,2025-01-29 21:26:05.404751
94,1952 Chatsworth Drive,, ,332,25958, ,2025-01-29 21:26:05.404751
95,1370 Le Mans Avenue,, ,53,52163, ,2025-01-29 21:26:05.404751
96,984 Effon-Alaiye Avenue,, ,183,17119, ,2025-01-29 21:26:05.404751
97,832 Nakhon Sawan Manor,, ,592,49021, ,2025-01-29 21:26:05.404751
98,152 Kitwe Parkway,, ,82,53182, ,2025-01-29 21:26:05.404751
99,1697 Tanauan Lane,, ,399,22870, ,2025-01-29 21:26:05.404751
100,1308 Arecibo Way,, ,41,30695, ,2025-01-29 21:26:05.404751
101,1599 Plock Drive,, ,534,71986, ,2025-01-29 21:26:05.404751
102,669 Firozabad Loop,, ,12,92265, ,2025-01-29 21:26:05.404751
103,588 Vila Velha Manor,, ,268,51540, ,2025-01-29 21:26:05.404751
104,1913 Kamakura Place,, ,238,97287, ,2025-01-29 21:26:05.404751
105,733 Mandaluyong Place,, ,2,77459, ,2025-01-29 21:26:05.404751
106,659 Vaduz Drive,, ,34,49708, ,2025-01-29 21:26:05.404751
107,1177 Jelets Way,, ,220,3305, ,2025-01-29 21:26:05.404751
108,1386 Yangor Avenue,, ,543,80720, ,2025-01-29 21:26:05.404751
109,454 Nakhon Sawan Boulevard,, ,173,76383, ,2025-01-29 21:26:05.404751
110,1867 San Juan Bautista Tuxtepec Avenue,, ,225,78311, ,2025-01-29 21:26:05.404751
111,1532 Dzerzinsk Way,, ,334,9599, ,2025-01-29 21:26:05.404751
112,1002 Ahmadnagar Manor,, ,213,93026, ,2025-01-29 21:26:05.404751
113,682 Junan Way,, ,273,30418, ,2025-01-29 21:26:05.404751
114,804 Elista Drive,, ,159,61069, ,2025-01-29 21:26:05.404751
115,1378 Alvorada Avenue,, ,102,75834, ,2025-01-29 21:26:05.404751
116,793 Cam Ranh Avenue,, ,292,87057, ,2025-01-29 21:26:05.404751
117,1079 Tel Aviv-Jaffa Boulevard,, ,132,10885, ,2025-01-29 21:26:05.404751
118,442 Rae Bareli Place,, ,148,24321, ,2025-01-29 21:26:05.404751
119,1107 Nakhon Sawan Avenue,, ,365,75149, ,2025-01-29 21:26:05.404751
120,544 Malm Parkway,, ,403,63502, ,2025-01-29 21:26:05.404751
121,1967 Sincelejo Place,, ,176,73644, ,2025-01-29 21:26:05.404751
122,333 Goinia Way,, ,185,78625, ,2025-01-29 21:26:05.404751
123,1987 Coacalco de Berriozbal Loop,, ,476,96065, ,2025-01-29 21:26:05.404751
124,241 Mosul Lane,, ,147,76157, ,2025-01-29 21:26:05.404751
125,211 Chiayi Drive,, ,164,58186, ,2025-01-29 21:26:05.404751
126,1175 Tanauan Way,, ,305,64615, ,2025-01-29 21:26:05.404751
127,117 Boa Vista Way,, ,566,6804, ,2025-01-29 21:26:05.404751
128,848 Tafuna Manor,, ,281,45142, ,2025-01-29 21:26:05.404751
129,569 Baicheng Lane,, ,85,60304, ,2025-01-29 21:26:05.404751
130,1666 Qomsheh Drive,, ,410,66255, ,2025-01-29 21:26:05.404751
131,801 Hagonoy Drive,, ,484,8439, ,2025-01-29 21:26:05.404751
132,1050 Garden Grove Avenue,, ,236,4999, ,2025-01-29 21:26:05.404751
133,1854 Tieli Street,, ,302,15819, ,2025-01-29 21:26:05.404751
134,758 Junan Lane,, ,190,82639, ,2025-01-29 21:26:05.404751
135,1752 So Leopoldo Parkway,, ,345,14014, ,2025-01-29 21:26:05.404751
136,898 Belm Manor,, ,87,49757, ,2025-01-29 21:26:05.404751
137,261 Saint Louis Way,, ,541,83401, ,2025-01-29 21:26:05.404751
138,765 Southampton Drive,, ,421,4285, ,2025-01-29 21:26:05.404751
139,943 Johannesburg Avenue,, ,417,5892, ,2025-01-29 21:26:05.404751
140,788 Atinsk Street,, ,211,81691, ,2025-01-29 21:26:05.404751
141,1749 Daxian Place,, ,29,11044, ,2025-01-29 21:26:05.404751
142,1587 Sullana Lane,, ,207,85769, ,2025-01-29 21:26:05.404751
143,1029 Dzerzinsk Manor,, ,542,57519, ,2025-01-29 21:26:05.404751
144,1666 Beni-Mellal Place,, ,123,13377, ,2025-01-29 21:26:05.404751
145,928 Jaffna Loop,, ,172,93762, ,2025-01-29 21:26:05.404751
146,483 Ljubertsy Parkway,, ,149,60562, ,2025-01-29 21:26:05.404751
147,374 Bat Yam Boulevard,, ,266,97700, ,2025-01-29 21:26:05.404751
148,1027 Songkhla Manor,, ,340,30861, ,2025-01-29 21:26:05.404751
149,999 Sanaa Loop,, ,491,3439, ,2025-01-29 21:26:05.404751
150,879 Newcastle Way,, ,499,90732, ,2025-01-29 21:26:05.404751
151,1337 Lincoln Parkway,, ,555,99457, ,2025-01-29 21:26:05.404751
152,1952 Pune Lane,, ,442,92150, ,2025-01-29 21:26:05.404751
153,782 Mosul Street,, ,94,25545, ,2025-01-29 21:26:05.404751
154,781 Shimonoseki Drive,, ,202,95444, ,2025-01-29 21:26:05.404751
155,1560 Jelets Boulevard,, ,291,77777, ,2025-01-29 21:26:05.404751
156,1963 Moscow Place,, ,354,64863, ,2025-01-29 21:26:05.404751
157,456 Escobar Way,, ,232,36061, ,2025-01-29 21:26:05.404751
158,798 Cianjur Avenue,, ,590,76990, ,2025-01-29 21:26:05.404751
159,185 Novi Sad Place,, ,72,41778, ,2025-01-29 21:26:05.404751
160,1367 Yantai Manor,, ,381,21294, ,2025-01-29 21:26:05.404751
161,1386 Nakhon Sawan Boulevard,, ,420,53502, ,2025-01-29 21:26:05.404751
162,369 Papeete Way,, ,187,66639, ,2025-01-29 21:26:05.404751
163,1440 Compton Place,, ,307,81037, ,2025-01-29 21:26:05.404751
164,1623 Baha Blanca Manor,, ,310,81511, ,2025-01-29 21:26:05.404751
165,97 Shimoga Avenue,, ,533,44660, ,2025-01-29 21:26:05.404751
166,1740 Le Mans Loop,, ,297,22853, ,2025-01-29 21:26:05.404751
167,1287 Xiangfan Boulevard,, ,253,57844, ,2025-01-29 21:26:05.404751
168,842 Salzburg Lane,, ,529,3313, ,2025-01-29 21:26:05.404751
169,154 Tallahassee Loop,, ,199,62250, ,2025-01-29 21:26:05.404751
170,710 San Felipe del Progreso Avenue,, ,304,76901, ,2025-01-29 21:26:05.404751
171,1540 Wroclaw Drive,, ,107,62686, ,2025-01-29 21:26:05.404751
172,475 Atinsk Way,, ,240,59571, ,2025-01-29 21:26:05.404751
173,1294 Firozabad Drive,, ,407,70618, ,2025-01-29 21:26:05.404751
174,1877 Ezhou Lane,, ,550,63337, ,2025-01-29 21:26:05.404751
175,316 Uruapan Street,, ,223,58194, ,2025-01-29 21:26:05.404751
176,29 Pyongyang Loop,, ,58,47753, ,2025-01-29 21:26:05.404751
177,1010 Klerksdorp Way,, ,186,6802, ,2025-01-29 21:26:05.404751
178,1848 Salala Boulevard,, ,373,25220, ,2025-01-29 21:26:05.404751
179,431 Xiangtan Avenue,, ,18,4854, ,2025-01-29 21:26:05.404751
180,757 Rustenburg Avenue,, ,483,89668, ,2025-01-29 21:26:05.404751
181,146 Johannesburg Way,, ,330,54132, ,2025-01-29 21:26:05.404751
182,1891 Rizhao Boulevard,, ,456,47288, ,2025-01-29 21:26:05.404751
183,1089 Iwatsuki Avenue,, ,270,35109, ,2025-01-29 21:26:05.404751
184,1410 Benin City Parkway,, ,405,29747, ,2025-01-29 21:26:05.404751
185,682 Garden Grove Place,, ,333,67497, ,2025-01-29 21:26:05.404751
186,533 al-Ayn Boulevard,, ,126,8862, ,2025-01-29 21:26:05.404751
187,1839 Szkesfehrvr Parkway,, ,317,55709, ,2025-01-29 21:26:05.404751
188,741 Ambattur Manor,, ,438,43310, ,2025-01-29 21:26:05.404751
189,927 Barcelona Street,, ,467,65121, ,2025-01-29 21:26:05.404751
190,435 0 Way,, ,195,74750, ,2025-01-29 21:26:05.404751
191,140 Chiayi Parkway,, ,506,38982, ,2025-01-29 21:26:05.404751
192,1166 Changhwa Street,, ,62,58852, ,2025-01-29 21:26:05.404751
193,891 Novi Sad Manor,, ,383,5379, ,2025-01-29 21:26:05.404751
194,605 Rio Claro Parkway,, ,513,49348, ,2025-01-29 21:26:05.404751
195,1077 San Felipe de Puerto Plata Place,, ,369,65387, ,2025-01-29 21:26:05.404751
196,9 San Miguel de Tucumn Manor,, ,169,90845, ,2025-01-29 21:26:05.404751
197,447 Surakarta Loop,, ,271,10428, ,2025-01-29 21:26:05.404751
198,345 Oshawa Boulevard,, ,204,32114, ,2025-01-29 21:26:05.404751
199,1792 Valle de la Pascua Place,, ,477,15540, ,2025-01-29 21:26:05.404751
200,1074 Binzhou Manor,, ,325,36490, ,2025-01-29 21:26:05.404751
201,817 Bradford Loop,, ,109,89459, ,2025-01-29 21:26:05.404751
202,955 Bamenda Way,, ,218,1545, ,2025-01-29 21:26:05.404751
203,1149 A Corua (La Corua) Boulevard,, ,194,95824, ,2025-01-29 21:26:05.404751
204,387 Mwene-Ditu Drive,, ,35,8073, ,2025-01-29 21:26:05.404751
205,68 Molodetno Manor,, ,575,4662, ,2025-01-29 21:26:05.404751
206,642 Nador Drive,, ,77,3924, ,2025-01-29 21:26:05.404751
207,1688 Nador Lane,, ,184,61613, ,2025-01-29 21:26:05.404751
208,1215 Pyongyang Parkway,, ,557,25238, ,2025-01-29 21:26:05.404751
209,1679 Antofagasta Street,, ,122,86599, ,2025-01-29 21:26:05.404751
210,1304 s-Hertogenbosch Way,, ,83,10925, ,2025-01-29 21:26:05.404751
211,850 Salala Loop,, ,371,10800, ,2025-01-29 21:26:05.404751
212,624 Oshawa Boulevard,, ,51,89959, ,2025-01-29 21:26:05.404751
213,43 Dadu Avenue,, ,74,4855, ,2025-01-29 21:26:05.404751
214,751 Lima Loop,, ,7,99405, ,2025-01-29 21:26:05.404751
215,1333 Haldia Street,, ,174,82161, ,2025-01-29 21:26:05.404751
216,660 Jedda Boulevard,, ,65,25053, ,2025-01-29 21:26:05.404751
217,1001 Miyakonojo Lane,, ,518,67924, ,2025-01-29 21:26:05.404751
218,226 Brest Manor,, ,508,2299, ,2025-01-29 21:26:05.404751
219,1229 Valencia Parkway,, ,498,99124, ,2025-01-29 21:26:05.404751
220,1201 Qomsheh Manor,, ,28,21464, ,2025-01-29 21:26:05.404751
221,866 Shivapuri Manor,, ,448,22474, ,2025-01-29 21:26:05.404751
222,1168 Najafabad Parkway,, ,251,40301, ,2025-01-29 21:26:05.404751
223,1244 Allappuzha (Alleppey) Place,, ,567,20657, ,2025-01-29 21:26:05.404751
224,1842 Luzinia Boulevard,, ,593,94420, ,2025-01-29 21:26:05.404751
225,1926 Gingoog Street,, ,511,22824, ,2025-01-29 21:26:05.404751
226,810 Palghat (Palakkad) Boulevard,, ,235,73431, ,2025-01-29 21:26:05.404751
227,1820 Maring Parkway,, ,324,88307, ,2025-01-29 21:26:05.404751
228,60 Poos de Caldas Street,, ,243,82338, ,2025-01-29 21:26:05.404751
229,1014 Loja Manor,, ,22,66851, ,2025-01-29 21:26:05.404751
230,201 Effon-Alaiye Way,, ,37,64344, ,2025-01-29 21:26:05.404751
231,430 Alessandria Loop,, ,439,47446, ,2025-01-29 21:26:05.404751
232,754 Valencia Place,, ,406,87911, ,2025-01-29 21:26:05.404751
233,356 Olomouc Manor,, ,26,93323, ,2025-01-29 21:26:05.404751
234,1256 Bislig Boulevard,, ,86,50598, ,2025-01-29 21:26:05.404751
235,954 Kimchon Place,, ,559,42420, ,2025-01-29 21:26:05.404751
236,885 Yingkou Manor,, ,596,31390, ,2025-01-29 21:26:05.404751
237,1736 Cavite Place,, ,216,98775, ,2025-01-29 21:26:05.404751
238,346 Skikda Parkway,, ,233,90628, ,2025-01-29 21:26:05.404751
239,98 Stara Zagora Boulevard,, ,96,76448, ,2025-01-29 21:26:05.404751
240,1479 Rustenburg Boulevard,, ,527,18727, ,2025-01-29 21:26:05.404751
241,647 A Corua (La Corua) Street,, ,357,36971, ,2025-01-29 21:26:05.404751
242,1964 Gijn Manor,, ,473,14408, ,2025-01-29 21:26:05.404751
243,47 Syktyvkar Lane,, ,118,22236, ,2025-01-29 21:26:05.404751
244,1148 Saarbrcken Parkway,, ,226,1921, ,2025-01-29 21:26:05.404751
245,1103 Bilbays Parkway,, ,578,87660, ,2025-01-29 21:26:05.404751
246,1246 Boksburg Parkway,, ,422,28349, ,2025-01-29 21:26:05.404751
247,1483 Pathankot Street,, ,454,37288, ,2025-01-29 21:26:05.404751
248,582 Papeete Loop,, ,294,27722, ,2025-01-29 21:26:05.404751
249,300 Junan Street,, ,553,81314, ,2025-01-29 21:26:05.404751
250,829 Grand Prairie Way,, ,328,6461, ,2025-01-29 21:26:05.404751
251,1473 Changhwa Parkway,, ,124,75933, ,2025-01-29 21:26:05.404751
252,1309 Weifang Street,, ,520,57338, ,2025-01-29 21:26:05.404751
253,1760 Oshawa Manor,, ,535,38140, ,2025-01-29 21:26:05.404751
254,786 Stara Zagora Way,, ,390,98332, ,2025-01-29 21:26:05.404751
255,1966 Tonghae Street,, ,198,36481, ,2025-01-29 21:26:05.404751
256,1497 Yuzhou Drive,, ,312,3433, ,2025-01-29 21:26:05.404751
258,752 Ondo Loop,, ,338,32474, ,2025-01-29 21:26:05.404751
259,1338 Zalantun Lane,, ,413,45403, ,2025-01-29 21:26:05.404751
260,127 Iwakuni Boulevard,, ,192,20777, ,2025-01-29 21:26:05.404751
261,51 Laredo Avenue,, ,342,68146, ,2025-01-29 21:26:05.404751
262,771 Yaound Manor,, ,64,86768, ,2025-01-29 21:26:05.404751
263,532 Toulon Street,, ,460,69517, ,2025-01-29 21:26:05.404751
264,1027 Banjul Place,, ,197,50390, ,2025-01-29 21:26:05.404751
265,1158 Mandi Bahauddin Parkway,, ,136,98484, ,2025-01-29 21:26:05.404751
266,862 Xintai Lane,, ,548,30065, ,2025-01-29 21:26:05.404751
267,816 Cayenne Parkway,, ,414,93629, ,2025-01-29 21:26:05.404751
268,1831 Nam Dinh Loop,, ,323,51990, ,2025-01-29 21:26:05.404751
269,446 Kirovo-Tepetsk Lane,, ,203,19428, ,2025-01-29 21:26:05.404751
270,682 Halisahar Place,, ,378,20536, ,2025-01-29 21:26:05.404751
271,1587 Loja Manor,, ,447,5410, ,2025-01-29 21:26:05.404751
272,1762 Paarl Parkway,, ,298,53928, ,2025-01-29 21:26:05.404751
273,1519 Ilorin Place,, ,395,49298, ,2025-01-29 21:26:05.404751
274,920 Kumbakonam Loop,, ,446,75090, ,2025-01-29 21:26:05.404751
275,906 Goinia Way,, ,255,83565, ,2025-01-29 21:26:05.404751
276,1675 Xiangfan Manor,, ,283,11763, ,2025-01-29 21:26:05.404751
277,85 San Felipe de Puerto Plata Drive,, ,584,46063, ,2025-01-29 21:26:05.404751
278,144 South Hill Loop,, ,445,2012, ,2025-01-29 21:26:05.404751
279,1884 Shikarpur Avenue,, ,263,85548, ,2025-01-29 21:26:05.404751
280,1980 Kamjanets-Podilskyi Street,, ,404,89502, ,2025-01-29 21:26:05.404751
281,1944 Bamenda Way,, ,573,24645, ,2025-01-29 21:26:05.404751
282,556 Baybay Manor,, ,374,55802, ,2025-01-29 21:26:05.404751
283,457 Tongliao Loop,, ,222,56254, ,2025-01-29 21:26:05.404751
284,600 Bradford Street,, ,514,96204, ,2025-01-29 21:26:05.404751
285,1006 Santa Brbara dOeste Manor,, ,389,36229, ,2025-01-29 21:26:05.404751
286,1308 Sumy Loop,, ,175,30657, ,2025-01-29 21:26:05.404751
287,1405 Chisinau Place,, ,411,8160, ,2025-01-29 21:26:05.404751
288,226 Halifax Street,, ,277,58492, ,2025-01-29 21:26:05.404751
289,1279 Udine Parkway,, ,69,75860, ,2025-01-29 21:26:05.404751
290,1336 Benin City Drive,, ,386,46044, ,2025-01-29 21:26:05.404751
291,1155 Liaocheng Place,, ,152,22650, ,2025-01-29 21:26:05.404751
292,1993 Tabuk Lane,, ,522,64221, ,2025-01-29 21:26:05.404751
293,86 Higashiosaka Lane,, ,563,33768, ,2025-01-29 21:26:05.404751
294,1912 Allende Manor,, ,279,58124, ,2025-01-29 21:26:05.404751
295,544 Tarsus Boulevard,, ,562,53145, ,2025-01-29 21:26:05.404751
296,1936 Cuman Avenue,, ,433,61195, ,2025-01-29 21:26:05.404751
297,1192 Tongliao Street,, ,470,19065, ,2025-01-29 21:26:05.404751
298,44 Najafabad Way,, ,146,61391, ,2025-01-29 21:26:05.404751
299,32 Pudukkottai Lane,, ,140,38834, ,2025-01-29 21:26:05.404751
300,661 Chisinau Lane,, ,274,8856, ,2025-01-29 21:26:05.404751
301,951 Stara Zagora Manor,, ,400,98573, ,2025-01-29 21:26:05.404751
302,922 Vila Velha Loop,, ,9,4085, ,2025-01-29 21:26:05.404751
303,898 Jining Lane,, ,387,40070, ,2025-01-29 21:26:05.404751
304,1635 Kuwana Boulevard,, ,205,52137, ,2025-01-29 21:26:05.404751
305,41 El Alto Parkway,, ,398,56883, ,2025-01-29 21:26:05.404751
306,1883 Maikop Lane,, ,254,68469, ,2025-01-29 21:26:05.404751
307,1908 Gaziantep Place,, ,536,58979, ,2025-01-29 21:26:05.404751
308,687 Alessandria Parkway,, ,455,57587, ,2025-01-29 21:26:05.404751
309,827 Yuncheng Drive,, ,99,79047, ,2025-01-29 21:26:05.404751
310,913 Coacalco de Berriozbal Loop,, ,33,42141, ,2025-01-29 21:26:05.404751
311,715 So Bernardo do Campo Lane,, ,507,84804, ,2025-01-29 21:26:05.404751
312,1354 Siegen Street,, ,25,80184, ,2025-01-29 21:26:05.404751
313,1191 Sungai Petani Boulevard,, ,262,9668, ,2025-01-29 21:26:05.404751
314,1224 Huejutla de Reyes Boulevard,, ,91,70923, ,2025-01-29 21:26:05.404751
315,543 Bergamo Avenue,, ,215,59686, ,2025-01-29 21:26:05.404751
316,746 Joliet Lane,, ,286,94878, ,2025-01-29 21:26:05.404751
317,780 Kimberley Way,, ,515,17032, ,2025-01-29 21:26:05.404751
318,1774 Yaound Place,, ,166,91400, ,2025-01-29 21:26:05.404751
319,1957 Yantai Lane,, ,490,59255, ,2025-01-29 21:26:05.404751
320,1542 Lubumbashi Boulevard,, ,57,62472, ,2025-01-29 21:26:05.404751
321,651 Pathankot Loop,, ,336,59811, ,2025-01-29 21:26:05.404751
322,1359 Zhoushan Parkway,, ,545,29763, ,2025-01-29 21:26:05.404751
323,1769 Iwaki Lane,, ,97,25787, ,2025-01-29 21:26:05.404751
324,1145 Vilnius Manor,, ,451,73170, ,2025-01-29 21:26:05.404751
325,1892 Nabereznyje Telny Lane,, ,516,28396, ,2025-01-29 21:26:05.404751
326,470 Boksburg Street,, ,81,97960, ,2025-01-29 21:26:05.404751
327,1427 A Corua (La Corua) Place,, ,45,85799, ,2025-01-29 21:26:05.404751
328,479 San Felipe del Progreso Avenue,, ,130,54949, ,2025-01-29 21:26:05.404751
329,867 Benin City Avenue,, ,591,78543, ,2025-01-29 21:26:05.404751
330,981 Kumbakonam Place,, ,89,87611, ,2025-01-29 21:26:05.404751
331,1016 Iwakuni Street,, ,269,49833, ,2025-01-29 21:26:05.404751
332,663 Baha Blanca Parkway,, ,5,33463, ,2025-01-29 21:26:05.404751
333,1860 Taguig Loop,, ,119,59550, ,2025-01-29 21:26:05.404751
334,1816 Bydgoszcz Loop,, ,234,64308, ,2025-01-29 21:26:05.404751
335,587 Benguela Manor,, ,42,91590, ,2025-01-29 21:26:05.404751
336,430 Kumbakonam Drive,, ,457,28814, ,2025-01-29 21:26:05.404751
337,1838 Tabriz Lane,, ,143,1195, ,2025-01-29 21:26:05.404751
338,431 Szkesfehrvr Avenue,, ,48,57828, ,2025-01-29 21:26:05.404751
339,503 Sogamoso Loop,, ,505,49812, ,2025-01-29 21:26:05.404751
340,507 Smolensk Loop,, ,492,22971, ,2025-01-29 21:26:05.404751
341,1920 Weifang Avenue,, ,427,15643, ,2025-01-29 21:26:05.404751
342,124 al-Manama Way,, ,382,52368, ,2025-01-29 21:26:05.404751
343,1443 Mardan Street,, ,392,31483, ,2025-01-29 21:26:05.404751
344,1909 Benguela Lane,, ,581,19913, ,2025-01-29 21:26:05.404751
345,68 Ponce Parkway,, ,201,85926, ,2025-01-29 21:26:05.404751
346,1217 Konotop Avenue,, ,151,504, ,2025-01-29 21:26:05.404751
347,1293 Nam Dinh Way,, ,84,71583, ,2025-01-29 21:26:05.404751
348,785 Vaduz Street,, ,335,36170, ,2025-01-29 21:26:05.404751
349,1516 Escobar Drive,, ,370,46069, ,2025-01-29 21:26:05.404751
350,1628 Nagareyama Lane,, ,453,60079, ,2025-01-29 21:26:05.404751
351,1157 Nyeri Loop,, ,320,56380, ,2025-01-29 21:26:05.404751
352,1673 Tangail Drive,, ,137,26857, ,2025-01-29 21:26:05.404751
353,381 Kabul Way,, ,209,87272, ,2025-01-29 21:26:05.404751
354,953 Hodeida Street,, ,221,18841, ,2025-01-29 21:26:05.404751
355,469 Nakhon Sawan Street,, ,531,58866, ,2025-01-29 21:26:05.404751
356,1378 Beira Loop,, ,597,40792, ,2025-01-29 21:26:05.404751
357,1641 Changhwa Place,, ,52,37636, ,2025-01-29 21:26:05.404751
358,1698 Southport Loop,, ,393,49009, ,2025-01-29 21:26:05.404751
359,519 Nyeri Manor,, ,461,37650, ,2025-01-29 21:26:05.404751
360,619 Hunuco Avenue,, ,331,81508, ,2025-01-29 21:26:05.404751
361,45 Aparecida de Goinia Place,, ,464,7431, ,2025-01-29 21:26:05.404751
362,482 Kowloon and New Kowloon Manor,, ,90,97056, ,2025-01-29 21:26:05.404751
363,604 Bern Place,, ,429,5373, ,2025-01-29 21:26:05.404751
364,1623 Kingstown Drive,, ,20,91299, ,2025-01-29 21:26:05.404751
365,1009 Zanzibar Lane,, ,32,64875, ,2025-01-29 21:26:05.404751
366,114 Jalib al-Shuyukh Manor,, ,585,60440, ,2025-01-29 21:26:05.404751
367,1163 London Parkway,, ,66,6066, ,2025-01-29 21:26:05.404751
368,1658 Jastrzebie-Zdrj Loop,, ,372,96584, ,2025-01-29 21:26:05.404751
369,817 Laredo Avenue,, ,188,77449, ,2025-01-29 21:26:05.404751
370,1565 Tangail Manor,, ,377,45750, ,2025-01-29 21:26:05.404751
371,1912 Emeishan Drive,, ,50,33050, ,2025-01-29 21:26:05.404751
372,230 Urawa Drive,, ,8,2738, ,2025-01-29 21:26:05.404751
373,1922 Miraj Way,, ,356,13203, ,2025-01-29 21:26:05.404751
374,433 Florencia Street,, ,250,91330, ,2025-01-29 21:26:05.404751
375,1049 Matamoros Parkway,, ,191,69640, ,2025-01-29 21:26:05.404751
376,1061 Ede Avenue,, ,98,57810, ,2025-01-29 21:26:05.404751
377,154 Oshawa Manor,, ,415,72771, ,2025-01-29 21:26:05.404751
378,1191 Tandil Drive,, ,523,6362, ,2025-01-29 21:26:05.404751
379,1133 Rizhao Avenue,, ,572,2800, ,2025-01-29 21:26:05.404751
380,1519 Santiago de los Caballeros Loop,, ,348,22025, ,2025-01-29 21:26:05.404751
381,1618 Olomouc Manor,, ,285,26385, ,2025-01-29 21:26:05.404751
382,220 Hidalgo Drive,, ,265,45298, ,2025-01-29 21:26:05.404751
383,686 Donostia-San Sebastin Lane,, ,471,97390, ,2025-01-29 21:26:05.404751
384,97 Mogiljov Lane,, ,73,89294, ,2025-01-29 21:26:05.404751
385,1642 Charlotte Amalie Drive,, ,549,75442, ,2025-01-29 21:26:05.404751
386,1368 Maracabo Boulevard,, ,493,32716, ,2025-01-29 21:26:05.404751
387,401 Sucre Boulevard,, ,322,25007, ,2025-01-29 21:26:05.404751
388,368 Hunuco Boulevard,, ,360,17165, ,2025-01-29 21:26:05.404751
389,500 Lincoln Parkway,, ,210,95509, ,2025-01-29 21:26:05.404751
390,102 Chapra Drive,, ,521,14073, ,2025-01-29 21:26:05.404751
391,1793 Meixian Place,, ,258,33535, ,2025-01-29 21:26:05.404751
392,514 Ife Way,, ,315,69973, ,2025-01-29 21:26:05.404751
393,717 Changzhou Lane,, ,104,21615, ,2025-01-29 21:26:05.404751
394,753 Ilorin Avenue,, ,157,3656, ,2025-01-29 21:26:05.404751
395,1337 Mit Ghamr Avenue,, ,358,29810, ,2025-01-29 21:26:05.404751
396,767 Pyongyang Drive,, ,229,83536, ,2025-01-29 21:26:05.404751
397,614 Pak Kret Street,, ,6,27796, ,2025-01-29 21:26:05.404751
398,954 Lapu-Lapu Way,, ,278,8816, ,2025-01-29 21:26:05.404751
399,331 Bydgoszcz Parkway,, ,181,966, ,2025-01-29 21:26:05.404751
400,1152 Citrus Heights Manor,, ,15,5239, ,2025-01-29 21:26:05.404751
401,168 Cianjur Manor,, ,228,73824, ,2025-01-29 21:26:05.404751
402,616 Hagonoy Avenue,, ,39,46043, ,2025-01-29 21:26:05.404751
403,1190 0 Place,, ,44,10417, ,2025-01-29 21:26:05.404751
404,734 Bchar Place,, ,375,30586, ,2025-01-29 21:26:05.404751
405,530 Lausanne Lane,, ,135,11067, ,2025-01-29 21:26:05.404751
406,454 Patiala Lane,, ,276,13496, ,2025-01-29 21:26:05.404751
407,1346 Mysore Drive,, ,92,61507, ,2025-01-29 21:26:05.404751
408,990 Etawah Loop,, ,564,79940, ,2025-01-29 21:26:05.404751
409,1266 Laredo Parkway,, ,380,7664, ,2025-01-29 21:26:05.404751
410,88 Nagaon Manor,, ,524,86868, ,2025-01-29 21:26:05.404751
411,264 Bhimavaram Manor,, ,111,54749, ,2025-01-29 21:26:05.404751
412,1639 Saarbrcken Drive,, ,437,9827, ,2025-01-29 21:26:05.404751
413,692 Amroha Drive,, ,230,35575, ,2025-01-29 21:26:05.404751
414,1936 Lapu-Lapu Parkway,, ,141,7122, ,2025-01-29 21:26:05.404751
415,432 Garden Grove Street,, ,430,65630, ,2025-01-29 21:26:05.404751
416,1445 Carmen Parkway,, ,117,70809, ,2025-01-29 21:26:05.404751
417,791 Salinas Street,, ,208,40509, ,2025-01-29 21:26:05.404751
418,126 Acua Parkway,, ,71,58888, ,2025-01-29 21:26:05.404751
419,397 Sunnyvale Avenue,, ,19,55566, ,2025-01-29 21:26:05.404751
420,992 Klerksdorp Loop,, ,23,33711, ,2025-01-29 21:26:05.404751
421,966 Arecibo Loop,, ,134,94018, ,2025-01-29 21:26:05.404751
422,289 Santo Andr Manor,, ,16,72410, ,2025-01-29 21:26:05.404751
423,437 Chungho Drive,, ,450,59489, ,2025-01-29 21:26:05.404751
424,1948 Bayugan Parkway,, ,264,60622, ,2025-01-29 21:26:05.404751
425,1866 al-Qatif Avenue,, ,155,89420, ,2025-01-29 21:26:05.404751
426,1661 Abha Drive,, ,416,14400, ,2025-01-29 21:26:05.404751
427,1557 Cape Coral Parkway,, ,293,46875, ,2025-01-29 21:26:05.404751
428,1727 Matamoros Place,, ,465,78813, ,2025-01-29 21:26:05.404751
429,1269 Botosani Manor,, ,468,47394, ,2025-01-29 21:26:05.404751
430,355 Vitria de Santo Anto Way,, ,452,81758, ,2025-01-29 21:26:05.404751
431,1596 Acua Parkway,, ,418,70425, ,2025-01-29 21:26:05.404751
432,259 Ipoh Drive,, ,189,64964, ,2025-01-29 21:26:05.404751
433,1823 Hoshiarpur Lane,, ,510,33191, ,2025-01-29 21:26:05.404751
434,1404 Taguig Drive,, ,547,87212, ,2025-01-29 21:26:05.404751
435,740 Udaipur Lane,, ,150,33505, ,2025-01-29 21:26:05.404751
436,287 Cuautla Boulevard,, ,501,72736, ,2025-01-29 21:26:05.404751
437,1766 Almirante Brown Street,, ,364,63104, ,2025-01-29 21:26:05.404751
438,596 Huixquilucan Place,, ,351,65892, ,2025-01-29 21:26:05.404751
439,1351 Aparecida de Goinia Parkway,, ,391,41775, ,2025-01-29 21:26:05.404751
440,722 Bradford Lane,, ,249,90920, ,2025-01-29 21:26:05.404751
441,983 Santa F Way,, ,565,47472, ,2025-01-29 21:26:05.404751
442,1245 Ibirit Way,, ,290,40926, ,2025-01-29 21:26:05.404751
443,1836 Korla Parkway,, ,272,55405, ,2025-01-29 21:26:05.404751
444,231 Kaliningrad Place,, ,70,57833, ,2025-01-29 21:26:05.404751
445,495 Bhimavaram Lane,, ,144,3, ,2025-01-29 21:26:05.404751
446,1924 Shimonoseki Drive,, ,59,52625, ,2025-01-29 21:26:05.404751
447,105 Dzerzinsk Manor,, ,540,48570, ,2025-01-29 21:26:05.404751
448,614 Denizli Parkway,, ,486,29444, ,2025-01-29 21:26:05.404751
449,1289 Belm Boulevard,, ,530,88306, ,2025-01-29 21:26:05.404751
450,203 Tambaram Street,, ,161,73942, ,2025-01-29 21:26:05.404751
451,1704 Tambaram Manor,, ,554,2834, ,2025-01-29 21:26:05.404751
452,207 Cuernavaca Loop,, ,352,52671, ,2025-01-29 21:26:05.404751
453,319 Springs Loop,, ,160,99552, ,2025-01-29 21:26:05.404751
454,956 Nam Dinh Manor,, ,481,21872, ,2025-01-29 21:26:05.404751
455,1947 Paarl Way,, ,509,23636, ,2025-01-29 21:26:05.404751
456,814 Simferopol Loop,, ,154,48745, ,2025-01-29 21:26:05.404751
457,535 Ahmadnagar Manor,, ,3,41136, ,2025-01-29 21:26:05.404751
458,138 Caracas Boulevard,, ,326,16790, ,2025-01-29 21:26:05.404751
459,251 Florencia Drive,, ,556,16119, ,2025-01-29 21:26:05.404751
460,659 Gatineau Boulevard,, ,153,28587, ,2025-01-29 21:26:05.404751
461,1889 Valparai Way,, ,600,75559, ,2025-01-29 21:26:05.404751
462,1485 Bratislava Place,, ,435,83183, ,2025-01-29 21:26:05.404751
463,935 Aden Boulevard,, ,532,64709, ,2025-01-29 21:26:05.404751
464,76 Kermanshah Manor,, ,423,23343, ,2025-01-29 21:26:05.404751
465,734 Tanshui Avenue,, ,170,70664, ,2025-01-29 21:26:05.404751
466,118 Jaffna Loop,, ,182,10447, ,2025-01-29 21:26:05.404751
467,1621 Tongliao Avenue,, ,558,22173, ,2025-01-29 21:26:05.404751
468,1844 Usak Avenue,, ,196,84461, ,2025-01-29 21:26:05.404751
469,1872 Toulon Loop,, ,428,7939, ,2025-01-29 21:26:05.404751
470,1088 Ibirit Place,, ,595,88502, ,2025-01-29 21:26:05.404751
471,1322 Mosul Parkway,, ,145,95400, ,2025-01-29 21:26:05.404751
472,1447 Chatsworth Place,, ,129,41545, ,2025-01-29 21:26:05.404751
473,1257 Guadalajara Street,, ,78,33599, ,2025-01-29 21:26:05.404751
474,1469 Plock Lane,, ,388,95835, ,2025-01-29 21:26:05.404751
475,434 Ourense (Orense) Manor,, ,206,14122, ,2025-01-29 21:26:05.404751
476,270 Tambaram Parkway,, ,244,9668, ,2025-01-29 21:26:05.404751
477,1786 Salinas Place,, ,359,66546, ,2025-01-29 21:26:05.404751
478,1078 Stara Zagora Drive,, ,301,69221, ,2025-01-29 21:26:05.404751
479,1854 Okara Boulevard,, ,158,42123, ,2025-01-29 21:26:05.404751
480,421 Yaound Street,, ,385,11363, ,2025-01-29 21:26:05.404751
481,1153 Allende Way,, ,179,20336, ,2025-01-29 21:26:05.404751
482,808 Naala-Porto Parkway,, ,500,41060, ,2025-01-29 21:26:05.404751
483,632 Usolje-Sibirskoje Parkway,, ,36,73085, ,2025-01-29 21:26:05.404751
484,98 Pyongyang Boulevard,, ,11,88749, ,2025-01-29 21:26:05.404751
485,984 Novoterkassk Loop,, ,180,28165, ,2025-01-29 21:26:05.404751
486,64 Korla Street,, ,347,25145, ,2025-01-29 21:26:05.404751
487,1785 So Bernardo do Campo Street,, ,125,71182, ,2025-01-29 21:26:05.404751
488,698 Jelets Boulevard,, ,142,2596, ,2025-01-29 21:26:05.404751
489,1297 Alvorada Parkway,, ,587,11839, ,2025-01-29 21:26:05.404751
490,1909 Dayton Avenue,, ,469,88513, ,2025-01-29 21:26:05.404751
491,1789 Saint-Denis Parkway,, ,4,8268, ,2025-01-29 21:26:05.404751
492,185 Mannheim Lane,, ,408,23661, ,2025-01-29 21:26:05.404751
493,184 Mandaluyong Street,, ,288,94239, ,2025-01-29 21:26:05.404751
494,591 Sungai Petani Drive,, ,376,46400, ,2025-01-29 21:26:05.404751
495,656 Matamoros Drive,, ,487,19489, ,2025-01-29 21:26:05.404751
496,775 ostka Drive,, ,337,22358, ,2025-01-29 21:26:05.404751
497,1013 Tabuk Boulevard,, ,261,96203, ,2025-01-29 21:26:05.404751
498,319 Plock Parkway,, ,504,26101, ,2025-01-29 21:26:05.404751
499,1954 Kowloon and New Kowloon Way,, ,434,63667, ,2025-01-29 21:26:05.404751
500,362 Rajkot Lane,, ,47,98030, ,2025-01-29 21:26:05.404751
501,1060 Tandil Lane,, ,432,72349, ,2025-01-29 21:26:05.404751
502,1515 Korla Way,, ,589,57197, ,2025-01-29 21:26:05.404751
503,1416 San Juan Bautista Tuxtepec Avenue,, ,444,50592, ,2025-01-29 21:26:05.404751
504,1 Valle de Santiago Avenue,, ,93,86208, ,2025-01-29 21:26:05.404751
505,519 Brescia Parkway,, ,318,69504, ,2025-01-29 21:26:05.404751
506,414 Mandaluyong Street,, ,314,16370, ,2025-01-29 21:26:05.404751
507,1197 Sokoto Boulevard,, ,478,87687, ,2025-01-29 21:26:05.404751
508,496 Celaya Drive,, ,552,90797, ,2025-01-29 21:26:05.404751
509,786 Matsue Way,, ,245,37469, ,2025-01-29 21:26:05.404751
510,48 Maracabo Place,, ,519,1570, ,2025-01-29 21:26:05.404751
511,1152 al-Qatif Lane,, ,412,44816, ,2025-01-29 21:26:05.404751
512,1269 Ipoh Avenue,, ,163,54674, ,2025-01-29 21:26:05.404751
513,758 Korolev Parkway,, ,568,75474, ,2025-01-29 21:26:05.404751
514,1747 Rustenburg Place,, ,110,51369, ,2025-01-29 21:26:05.404751
515,886 Tonghae Place,, ,259,19450, ,2025-01-29 21:26:05.404751
516,1574 Goinia Boulevard,, ,502,39529, ,2025-01-29 21:26:05.404751
517,548 Uruapan Street,, ,312,35653, ,2025-01-29 21:26:05.404751
519,962 Tama Loop,, ,583,65952, ,2025-01-29 21:26:05.404751
520,1778 Gijn Manor,, ,594,35156, ,2025-01-29 21:26:05.404751
521,568 Dhule (Dhulia) Loop,, ,127,92568, ,2025-01-29 21:26:05.404751
522,1768 Udine Loop,, ,60,32347, ,2025-01-29 21:26:05.404751
523,608 Birgunj Parkway,, ,116,400, ,2025-01-29 21:26:05.404751
524,680 A Corua (La Corua) Manor,, ,482,49806, ,2025-01-29 21:26:05.404751
525,1949 Sanya Street,, ,224,61244, ,2025-01-29 21:26:05.404751
526,617 Klerksdorp Place,, ,366,94707, ,2025-01-29 21:26:05.404751
527,1993 0 Loop,, ,588,41214, ,2025-01-29 21:26:05.404751
528,1176 Southend-on-Sea Manor,, ,458,81651, ,2025-01-29 21:26:05.404751
529,600 Purnea (Purnia) Avenue,, ,571,18043, ,2025-01-29 21:26:05.404751
530,1003 Qinhuangdao Street,, ,419,25972, ,2025-01-29 21:26:05.404751
531,1986 Sivas Place,, ,551,95775, ,2025-01-29 21:26:05.404751
532,1427 Tabuk Place,, ,101,31342, ,2025-01-29 21:26:05.404751
533,556 Asuncin Way,, ,339,35364, ,2025-01-29 21:26:05.404751
534,486 Ondo Parkway,, ,67,35202, ,2025-01-29 21:26:05.404751
535,635 Brest Manor,, ,75,40899, ,2025-01-29 21:26:05.404751
536,166 Jinchang Street,, ,165,86760, ,2025-01-29 21:26:05.404751
537,958 Sagamihara Lane,, ,287,88408, ,2025-01-29 21:26:05.404751
538,1817 Livorno Way,, ,100,79401, ,2025-01-29 21:26:05.404751
539,1332 Gaziantep Lane,, ,80,22813, ,2025-01-29 21:26:05.404751
540,949 Allende Lane,, ,24,67521, ,2025-01-29 21:26:05.404751
541,195 Ilorin Street,, ,363,49250, ,2025-01-29 21:26:05.404751
542,193 Bhusawal Place,, ,539,9750, ,2025-01-29 21:26:05.404751
543,43 Vilnius Manor,, ,42,79814, ,2025-01-29 21:26:05.404751
544,183 Haiphong Street,, ,46,69953, ,2025-01-29 21:26:05.404751
545,163 Augusta-Richmond County Loop,, ,561,33030, ,2025-01-29 21:26:05.404751
546,191 Jos Azueta Parkway,, ,436,13629, ,2025-01-29 21:26:05.404751
547,379 Lublin Parkway,, ,309,74568, ,2025-01-29 21:26:05.404751
548,1658 Cuman Loop,, ,396,51309, ,2025-01-29 21:26:05.404751
549,454 Qinhuangdao Drive,, ,68,25866, ,2025-01-29 21:26:05.404751
550,1715 Okayama Street,, ,485,55676, ,2025-01-29 21:26:05.404751
551,182 Nukualofa Drive,, ,275,15414, ,2025-01-29 21:26:05.404751
552,390 Wroclaw Way,, ,462,5753, ,2025-01-29 21:26:05.404751
553,1421 Quilmes Lane,, ,260,19151, ,2025-01-29 21:26:05.404751
554,947 Trshavn Place,, ,528,841, ,2025-01-29 21:26:05.404751
555,1764 Jalib al-Shuyukh Parkway,, ,459,77642, ,2025-01-29 21:26:05.404751
556,346 Cam Ranh Avenue,, ,599,39976, ,2025-01-29 21:26:05.404751
557,1407 Pachuca de Soto Place,, ,21,26284, ,2025-01-29 21:26:05.404751
558,904 Clarksville Drive,, ,193,52234, ,2025-01-29 21:26:05.404751
559,1917 Kumbakonam Parkway,, ,368,11892, ,2025-01-29 21:26:05.404751
560,1447 Imus Place,, ,426,12905, ,2025-01-29 21:26:05.404751
561,1497 Fengshan Drive,, ,112,63022, ,2025-01-29 21:26:05.404751
562,869 Shikarpur Way,, ,496,57380, ,2025-01-29 21:26:05.404751
563,1059 Yuncheng Avenue,, ,570,47498, ,2025-01-29 21:26:05.404751
564,505 Madiun Boulevard,, ,577,97271, ,2025-01-29 21:26:05.404751
565,1741 Hoshiarpur Boulevard,, ,79,22372, ,2025-01-29 21:26:05.404751
566,1229 Varanasi (Benares) Manor,, ,43,40195, ,2025-01-29 21:26:05.404751
567,1894 Boa Vista Way,, ,178,77464, ,2025-01-29 21:26:05.404751
568,1342 Sharja Way,, ,488,93655, ,2025-01-29 21:26:05.404751
569,1342 Abha Boulevard,, ,95,10714, ,2025-01-29 21:26:05.404751
570,415 Pune Avenue,, ,580,44274, ,2025-01-29 21:26:05.404751
571,1746 Faaa Way,, ,214,32515, ,2025-01-29 21:26:05.404751
572,539 Hami Way,, ,538,52196, ,2025-01-29 21:26:05.404751
573,1407 Surakarta Manor,, ,466,33224, ,2025-01-29 21:26:05.404751
574,502 Mandi Bahauddin Parkway,, ,55,15992, ,2025-01-29 21:26:05.404751
575,1052 Pathankot Avenue,, ,299,77397, ,2025-01-29 21:26:05.404751
576,1351 Sousse Lane,, ,341,37815, ,2025-01-29 21:26:05.404751
577,1501 Pangkal Pinang Avenue,, ,409,943, ,2025-01-29 21:26:05.404751
578,1405 Hagonoy Avenue,, ,133,86587, ,2025-01-29 21:26:05.404751
579,521 San Juan Bautista Tuxtepec Place,, ,598,95093, ,2025-01-29 21:26:05.404751
580,923 Tangail Boulevard,, ,10,33384, ,2025-01-29 21:26:05.404751
581,186 Skikda Lane,, ,131,89422, ,2025-01-29 21:26:05.404751
582,1568 Celaya Parkway,, ,168,34750, ,2025-01-29 21:26:05.404751
583,1489 Kakamigahara Lane,, ,526,98883, ,2025-01-29 21:26:05.404751
584,1819 Alessandria Loop,, ,103,53829, ,2025-01-29 21:26:05.404751
585,1208 Tama Loop,, ,344,73605, ,2025-01-29 21:26:05.404751
586,951 Springs Lane,, ,219,96115, ,2025-01-29 21:26:05.404751
587,760 Miyakonojo Drive,, ,246,64682, ,2025-01-29 21:26:05.404751
588,966 Asuncin Way,, ,212,62703, ,2025-01-29 21:26:05.404751
589,1584 Ljubertsy Lane,, ,494,22954, ,2025-01-29 21:26:05.404751
590,247 Jining Parkway,, ,54,53446, ,2025-01-29 21:26:05.404751
591,773 Dallas Manor,, ,424,12664, ,2025-01-29 21:26:05.404751
592,1923 Stara Zagora Lane,, ,546,95179, ,2025-01-29 21:26:05.404751
593,1402 Zanzibar Boulevard,, ,106,71102, ,2025-01-29 21:26:05.404751
594,1464 Kursk Parkway,, ,574,17381, ,2025-01-29 21:26:05.404751
595,1074 Sanaa Parkway,, ,311,22474, ,2025-01-29 21:26:05.404751
596,1759 Niznekamsk Avenue,, ,14,39414, ,2025-01-29 21:26:05.404751
597,32 Liaocheng Way,, ,248,1944, ,2025-01-29 21:26:05.404751
598,42 Fontana Avenue,, ,512,14684, ,2025-01-29 21:26:05.404751
599,1895 Zhezqazghan Drive,, ,177,36693, ,2025-01-29 21:26:05.404751
600,1837 Kaduna Parkway,, ,241,82580, ,2025-01-29 21:26:05.404751
601,844 Bucuresti Place,, ,242,36603, ,2025-01-29 21:26:05.404751
602,1101 Bucuresti Boulevard,, ,401,97661, ,2025-01-29 21:26:05.404751
603,1103 Quilmes Boulevard,, ,503,52137, ,2025-01-29 21:26:05.404751
604,1331 Usak Boulevard,, ,296,61960, ,2025-01-29 21:26:05.404751
605,1325 Fukuyama Street,, ,537,27107, ,2025-01-29 21:26:05.404751
