film_id,category_id,last_update
1,6,2025-01-29 22:15:04.474256
2,11,2025-01-29 22:15:04.474256
3,6,2025-01-29 22:15:04.474256
4,11,2025-01-29 22:15:04.474256
5,8,2025-01-29 22:15:04.474256
6,9,2025-01-29 22:15:04.474256
7,5,2025-01-29 22:15:04.474256
8,11,2025-01-29 22:15:04.474256
9,11,2025-01-29 22:15:04.474256
10,15,2025-01-29 22:15:04.474256
11,9,2025-01-29 22:15:04.474256
12,12,2025-01-29 22:15:04.474256
13,11,2025-01-29 22:15:04.474256
14,4,2025-01-29 22:15:04.474256
15,9,2025-01-29 22:15:04.474256
16,9,2025-01-29 22:15:04.474256
17,12,2025-01-29 22:15:04.474256
18,2,2025-01-29 22:15:04.474256
19,1,2025-01-29 22:15:04.474256
20,12,2025-01-29 22:15:04.474256
21,1,2025-01-29 22:15:04.474256
22,13,2025-01-29 22:15:04.474256
23,2,2025-01-29 22:15:04.474256
24,11,2025-01-29 22:15:04.474256
25,13,2025-01-29 22:15:04.474256
26,14,2025-01-29 22:15:04.474256
27,15,2025-01-29 22:15:04.474256
28,5,2025-01-29 22:15:04.474256
29,1,2025-01-29 22:15:04.474256
30,11,2025-01-29 22:15:04.474256
31,8,2025-01-29 22:15:04.474256
32,13,2025-01-29 22:15:04.474256
33,7,2025-01-29 22:15:04.474256
34,11,2025-01-29 22:15:04.474256
35,11,2025-01-29 22:15:04.474256
36,2,2025-01-29 22:15:04.474256
37,4,2025-01-29 22:15:04.474256
38,1,2025-01-29 22:15:04.474256
39,14,2025-01-29 22:15:04.474256
40,6,2025-01-29 22:15:04.474256
41,16,2025-01-29 22:15:04.474256
42,15,2025-01-29 22:15:04.474256
43,8,2025-01-29 22:15:04.474256
44,14,2025-01-29 22:15:04.474256
45,13,2025-01-29 22:15:04.474256
46,10,2025-01-29 22:15:04.474256
47,9,2025-01-29 22:15:04.474256
48,3,2025-01-29 22:15:04.474256
49,14,2025-01-29 22:15:04.474256
50,8,2025-01-29 22:15:04.474256
51,12,2025-01-29 22:15:04.474256
52,9,2025-01-29 22:15:04.474256
53,8,2025-01-29 22:15:04.474256
54,12,2025-01-29 22:15:04.474256
55,14,2025-01-29 22:15:04.474256
56,1,2025-01-29 22:15:04.474256
57,16,2025-01-29 22:15:04.474256
58,6,2025-01-29 22:15:04.474256
59,3,2025-01-29 22:15:04.474256
60,4,2025-01-29 22:15:04.474256
61,7,2025-01-29 22:15:04.474256
62,6,2025-01-29 22:15:04.474256
63,8,2025-01-29 22:15:04.474256
64,7,2025-01-29 22:15:04.474256
65,11,2025-01-29 22:15:04.474256
66,3,2025-01-29 22:15:04.474256
67,1,2025-01-29 22:15:04.474256
68,3,2025-01-29 22:15:04.474256
69,14,2025-01-29 22:15:04.474256
70,2,2025-01-29 22:15:04.474256
71,8,2025-01-29 22:15:04.474256
72,6,2025-01-29 22:15:04.474256
73,14,2025-01-29 22:15:04.474256
74,12,2025-01-29 22:15:04.474256
75,16,2025-01-29 22:15:04.474256
76,12,2025-01-29 22:15:04.474256
77,13,2025-01-29 22:15:04.474256
78,2,2025-01-29 22:15:04.474256
79,7,2025-01-29 22:15:04.474256
80,8,2025-01-29 22:15:04.474256
81,14,2025-01-29 22:15:04.474256
82,8,2025-01-29 22:15:04.474256
83,8,2025-01-29 22:15:04.474256
84,16,2025-01-29 22:15:04.474256
85,6,2025-01-29 22:15:04.474256
86,12,2025-01-29 22:15:04.474256
87,16,2025-01-29 22:15:04.474256
88,16,2025-01-29 22:15:04.474256
89,2,2025-01-29 22:15:04.474256
90,13,2025-01-29 22:15:04.474256
91,4,2025-01-29 22:15:04.474256
92,11,2025-01-29 22:15:04.474256
93,13,2025-01-29 22:15:04.474256
94,8,2025-01-29 22:15:04.474256
95,13,2025-01-29 22:15:04.474256
96,13,2025-01-29 22:15:04.474256
97,1,2025-01-29 22:15:04.474256
98,7,2025-01-29 22:15:04.474256
99,5,2025-01-29 22:15:04.474256
100,9,2025-01-29 22:15:04.474256
101,6,2025-01-29 22:15:04.474256
102,15,2025-01-29 22:15:04.474256
103,16,2025-01-29 22:15:04.474256
104,9,2025-01-29 22:15:04.474256
105,1,2025-01-29 22:15:04.474256
106,10,2025-01-29 22:15:04.474256
107,7,2025-01-29 22:15:04.474256
108,13,2025-01-29 22:15:04.474256
109,13,2025-01-29 22:15:04.474256
110,3,2025-01-29 22:15:04.474256
111,1,2025-01-29 22:15:04.474256
112,9,2025-01-29 22:15:04.474256
113,15,2025-01-29 22:15:04.474256
114,14,2025-01-29 22:15:04.474256
115,1,2025-01-29 22:15:04.474256
116,4,2025-01-29 22:15:04.474256
117,10,2025-01-29 22:15:04.474256
118,2,2025-01-29 22:15:04.474256
119,5,2025-01-29 22:15:04.474256
120,15,2025-01-29 22:15:04.474256
121,2,2025-01-29 22:15:04.474256
122,11,2025-01-29 22:15:04.474256
123,16,2025-01-29 22:15:04.474256
124,3,2025-01-29 22:15:04.474256
125,16,2025-01-29 22:15:04.474256
126,1,2025-01-29 22:15:04.474256
127,5,2025-01-29 22:15:04.474256
128,9,2025-01-29 22:15:04.474256
129,6,2025-01-29 22:15:04.474256
130,1,2025-01-29 22:15:04.474256
131,4,2025-01-29 22:15:04.474256
132,14,2025-01-29 22:15:04.474256
133,12,2025-01-29 22:15:04.474256
134,2,2025-01-29 22:15:04.474256
135,15,2025-01-29 22:15:04.474256
136,13,2025-01-29 22:15:04.474256
137,14,2025-01-29 22:15:04.474256
138,14,2025-01-29 22:15:04.474256
139,8,2025-01-29 22:15:04.474256
140,14,2025-01-29 22:15:04.474256
141,10,2025-01-29 22:15:04.474256
142,6,2025-01-29 22:15:04.474256
143,7,2025-01-29 22:15:04.474256
144,13,2025-01-29 22:15:04.474256
145,8,2025-01-29 22:15:04.474256
146,7,2025-01-29 22:15:04.474256
147,8,2025-01-29 22:15:04.474256
148,9,2025-01-29 22:15:04.474256
149,3,2025-01-29 22:15:04.474256
150,6,2025-01-29 22:15:04.474256
151,14,2025-01-29 22:15:04.474256
152,3,2025-01-29 22:15:04.474256
153,14,2025-01-29 22:15:04.474256
154,2,2025-01-29 22:15:04.474256
155,13,2025-01-29 22:15:04.474256
156,6,2025-01-29 22:15:04.474256
157,3,2025-01-29 22:15:04.474256
158,12,2025-01-29 22:15:04.474256
159,5,2025-01-29 22:15:04.474256
160,2,2025-01-29 22:15:04.474256
161,12,2025-01-29 22:15:04.474256
162,1,2025-01-29 22:15:04.474256
163,13,2025-01-29 22:15:04.474256
164,6,2025-01-29 22:15:04.474256
165,14,2025-01-29 22:15:04.474256
166,4,2025-01-29 22:15:04.474256
167,16,2025-01-29 22:15:04.474256
168,3,2025-01-29 22:15:04.474256
169,16,2025-01-29 22:15:04.474256
170,9,2025-01-29 22:15:04.474256
171,11,2025-01-29 22:15:04.474256
172,7,2025-01-29 22:15:04.474256
173,7,2025-01-29 22:15:04.474256
174,12,2025-01-29 22:15:04.474256
175,8,2025-01-29 22:15:04.474256
176,15,2025-01-29 22:15:04.474256
177,14,2025-01-29 22:15:04.474256
178,5,2025-01-29 22:15:04.474256
179,7,2025-01-29 22:15:04.474256
180,4,2025-01-29 22:15:04.474256
181,16,2025-01-29 22:15:04.474256
182,5,2025-01-29 22:15:04.474256
183,8,2025-01-29 22:15:04.474256
184,4,2025-01-29 22:15:04.474256
185,9,2025-01-29 22:15:04.474256
186,7,2025-01-29 22:15:04.474256
187,15,2025-01-29 22:15:04.474256
188,5,2025-01-29 22:15:04.474256
189,10,2025-01-29 22:15:04.474256
190,4,2025-01-29 22:15:04.474256
191,3,2025-01-29 22:15:04.474256
192,9,2025-01-29 22:15:04.474256
193,2,2025-01-29 22:15:04.474256
194,1,2025-01-29 22:15:04.474256
195,14,2025-01-29 22:15:04.474256
196,4,2025-01-29 22:15:04.474256
197,15,2025-01-29 22:15:04.474256
198,9,2025-01-29 22:15:04.474256
199,6,2025-01-29 22:15:04.474256
200,10,2025-01-29 22:15:04.474256
201,9,2025-01-29 22:15:04.474256
202,5,2025-01-29 22:15:04.474256
203,14,2025-01-29 22:15:04.474256
204,7,2025-01-29 22:15:04.474256
205,1,2025-01-29 22:15:04.474256
206,6,2025-01-29 22:15:04.474256
207,9,2025-01-29 22:15:04.474256
208,2,2025-01-29 22:15:04.474256
209,7,2025-01-29 22:15:04.474256
210,1,2025-01-29 22:15:04.474256
211,10,2025-01-29 22:15:04.474256
212,1,2025-01-29 22:15:04.474256
213,8,2025-01-29 22:15:04.474256
214,3,2025-01-29 22:15:04.474256
215,10,2025-01-29 22:15:04.474256
216,13,2025-01-29 22:15:04.474256
217,10,2025-01-29 22:15:04.474256
218,7,2025-01-29 22:15:04.474256
219,6,2025-01-29 22:15:04.474256
220,12,2025-01-29 22:15:04.474256
221,6,2025-01-29 22:15:04.474256
222,11,2025-01-29 22:15:04.474256
223,2,2025-01-29 22:15:04.474256
224,16,2025-01-29 22:15:04.474256
225,7,2025-01-29 22:15:04.474256
226,13,2025-01-29 22:15:04.474256
227,10,2025-01-29 22:15:04.474256
228,4,2025-01-29 22:15:04.474256
229,1,2025-01-29 22:15:04.474256
230,7,2025-01-29 22:15:04.474256
231,8,2025-01-29 22:15:04.474256
232,10,2025-01-29 22:15:04.474256
233,16,2025-01-29 22:15:04.474256
234,14,2025-01-29 22:15:04.474256
235,14,2025-01-29 22:15:04.474256
236,10,2025-01-29 22:15:04.474256
237,15,2025-01-29 22:15:04.474256
238,3,2025-01-29 22:15:04.474256
239,2,2025-01-29 22:15:04.474256
240,14,2025-01-29 22:15:04.474256
241,2,2025-01-29 22:15:04.474256
242,5,2025-01-29 22:15:04.474256
243,2,2025-01-29 22:15:04.474256
244,12,2025-01-29 22:15:04.474256
245,2,2025-01-29 22:15:04.474256
246,9,2025-01-29 22:15:04.474256
247,5,2025-01-29 22:15:04.474256
248,6,2025-01-29 22:15:04.474256
249,4,2025-01-29 22:15:04.474256
250,1,2025-01-29 22:15:04.474256
251,13,2025-01-29 22:15:04.474256
252,1,2025-01-29 22:15:04.474256
253,1,2025-01-29 22:15:04.474256
254,15,2025-01-29 22:15:04.474256
255,12,2025-01-29 22:15:04.474256
256,15,2025-01-29 22:15:04.474256
257,16,2025-01-29 22:15:04.474256
258,11,2025-01-29 22:15:04.474256
259,2,2025-01-29 22:15:04.474256
260,15,2025-01-29 22:15:04.474256
261,6,2025-01-29 22:15:04.474256
262,8,2025-01-29 22:15:04.474256
263,15,2025-01-29 22:15:04.474256
264,10,2025-01-29 22:15:04.474256
265,5,2025-01-29 22:15:04.474256
266,4,2025-01-29 22:15:04.474256
267,13,2025-01-29 22:15:04.474256
268,2,2025-01-29 22:15:04.474256
269,8,2025-01-29 22:15:04.474256
270,13,2025-01-29 22:15:04.474256
271,1,2025-01-29 22:15:04.474256
272,7,2025-01-29 22:15:04.474256
273,8,2025-01-29 22:15:04.474256
274,6,2025-01-29 22:15:04.474256
275,11,2025-01-29 22:15:04.474256
276,5,2025-01-29 22:15:04.474256
277,11,2025-01-29 22:15:04.474256
278,12,2025-01-29 22:15:04.474256
279,15,2025-01-29 22:15:04.474256
280,3,2025-01-29 22:15:04.474256
281,10,2025-01-29 22:15:04.474256
282,7,2025-01-29 22:15:04.474256
283,13,2025-01-29 22:15:04.474256
284,12,2025-01-29 22:15:04.474256
285,14,2025-01-29 22:15:04.474256
286,16,2025-01-29 22:15:04.474256
287,1,2025-01-29 22:15:04.474256
288,16,2025-01-29 22:15:04.474256
289,13,2025-01-29 22:15:04.474256
290,9,2025-01-29 22:15:04.474256
291,15,2025-01-29 22:15:04.474256
292,1,2025-01-29 22:15:04.474256
293,15,2025-01-29 22:15:04.474256
294,16,2025-01-29 22:15:04.474256
295,6,2025-01-29 22:15:04.474256
296,14,2025-01-29 22:15:04.474256
297,4,2025-01-29 22:15:04.474256
298,14,2025-01-29 22:15:04.474256
299,16,2025-01-29 22:15:04.474256
300,2,2025-01-29 22:15:04.474256
301,11,2025-01-29 22:15:04.474256
302,10,2025-01-29 22:15:04.474256
303,1,2025-01-29 22:15:04.474256
304,3,2025-01-29 22:15:04.474256
305,13,2025-01-29 22:15:04.474256
306,10,2025-01-29 22:15:04.474256
307,16,2025-01-29 22:15:04.474256
308,5,2025-01-29 22:15:04.474256
309,8,2025-01-29 22:15:04.474256
310,10,2025-01-29 22:15:04.474256
311,9,2025-01-29 22:15:04.474256
312,14,2025-01-29 22:15:04.474256
313,11,2025-01-29 22:15:04.474256
314,2,2025-01-29 22:15:04.474256
315,8,2025-01-29 22:15:04.474256
316,10,2025-01-29 22:15:04.474256
317,5,2025-01-29 22:15:04.474256
318,1,2025-01-29 22:15:04.474256
319,14,2025-01-29 22:15:04.474256
320,13,2025-01-29 22:15:04.474256
321,13,2025-01-29 22:15:04.474256
322,15,2025-01-29 22:15:04.474256
323,15,2025-01-29 22:15:04.474256
324,5,2025-01-29 22:15:04.474256
325,2,2025-01-29 22:15:04.474256
326,2,2025-01-29 22:15:04.474256
327,1,2025-01-29 22:15:04.474256
328,3,2025-01-29 22:15:04.474256
329,1,2025-01-29 22:15:04.474256
330,2,2025-01-29 22:15:04.474256
331,10,2025-01-29 22:15:04.474256
332,5,2025-01-29 22:15:04.474256
333,12,2025-01-29 22:15:04.474256
334,11,2025-01-29 22:15:04.474256
335,5,2025-01-29 22:15:04.474256
336,6,2025-01-29 22:15:04.474256
337,9,2025-01-29 22:15:04.474256
338,14,2025-01-29 22:15:04.474256
339,16,2025-01-29 22:15:04.474256
340,13,2025-01-29 22:15:04.474256
341,4,2025-01-29 22:15:04.474256
342,16,2025-01-29 22:15:04.474256
343,3,2025-01-29 22:15:04.474256
344,3,2025-01-29 22:15:04.474256
345,8,2025-01-29 22:15:04.474256
346,4,2025-01-29 22:15:04.474256
347,16,2025-01-29 22:15:04.474256
348,8,2025-01-29 22:15:04.474256
349,2,2025-01-29 22:15:04.474256
350,14,2025-01-29 22:15:04.474256
351,11,2025-01-29 22:15:04.474256
352,10,2025-01-29 22:15:04.474256
353,9,2025-01-29 22:15:04.474256
354,3,2025-01-29 22:15:04.474256
355,2,2025-01-29 22:15:04.474256
356,3,2025-01-29 22:15:04.474256
357,4,2025-01-29 22:15:04.474256
358,4,2025-01-29 22:15:04.474256
359,8,2025-01-29 22:15:04.474256
360,1,2025-01-29 22:15:04.474256
361,15,2025-01-29 22:15:04.474256
362,10,2025-01-29 22:15:04.474256
363,12,2025-01-29 22:15:04.474256
364,13,2025-01-29 22:15:04.474256
365,5,2025-01-29 22:15:04.474256
366,7,2025-01-29 22:15:04.474256
367,14,2025-01-29 22:15:04.474256
368,7,2025-01-29 22:15:04.474256
369,14,2025-01-29 22:15:04.474256
370,3,2025-01-29 22:15:04.474256
371,1,2025-01-29 22:15:04.474256
372,15,2025-01-29 22:15:04.474256
373,3,2025-01-29 22:15:04.474256
374,14,2025-01-29 22:15:04.474256
375,1,2025-01-29 22:15:04.474256
376,9,2025-01-29 22:15:04.474256
377,8,2025-01-29 22:15:04.474256
378,12,2025-01-29 22:15:04.474256
379,7,2025-01-29 22:15:04.474256
380,9,2025-01-29 22:15:04.474256
381,10,2025-01-29 22:16:31.840875
382,10,2025-01-29 22:16:31.840875
383,15,2025-01-29 22:16:31.840875
384,12,2025-01-29 22:16:31.840875
385,5,2025-01-29 22:16:31.840875
386,16,2025-01-29 22:16:31.840875
387,10,2025-01-29 22:16:31.840875
388,5,2025-01-29 22:16:31.840875
389,15,2025-01-29 22:16:31.840875
390,14,2025-01-29 22:16:31.840875
391,8,2025-01-29 22:16:31.840875
392,3,2025-01-29 22:16:31.840875
393,6,2025-01-29 22:16:31.840875
394,14,2025-01-29 22:16:31.840875
395,1,2025-01-29 22:16:31.840875
396,7,2025-01-29 22:16:31.840875
397,14,2025-01-29 22:16:31.840875
398,12,2025-01-29 22:16:31.840875
399,9,2025-01-29 22:16:31.840875
400,6,2025-01-29 22:16:31.840875
401,7,2025-01-29 22:16:31.840875
402,2,2025-01-29 22:16:31.840875
403,7,2025-01-29 22:16:31.840875
404,5,2025-01-29 22:16:31.840875
405,16,2025-01-29 22:16:31.840875
406,10,2025-01-29 22:16:31.840875
407,6,2025-01-29 22:16:31.840875
408,10,2025-01-29 22:16:31.840875
409,3,2025-01-29 22:16:31.840875
410,5,2025-01-29 22:16:31.840875
411,12,2025-01-29 22:16:31.840875
412,6,2025-01-29 22:16:31.840875
413,5,2025-01-29 22:16:31.840875
414,9,2025-01-29 22:16:31.840875
415,11,2025-01-29 22:16:31.840875
416,9,2025-01-29 22:16:31.840875
417,1,2025-01-29 22:16:31.840875
418,7,2025-01-29 22:16:31.840875
419,8,2025-01-29 22:16:31.840875
420,15,2025-01-29 22:16:31.840875
421,9,2025-01-29 22:16:31.840875
422,14,2025-01-29 22:16:31.840875
423,3,2025-01-29 22:16:31.840875
424,3,2025-01-29 22:16:31.840875
425,4,2025-01-29 22:16:31.840875
426,12,2025-01-29 22:16:31.840875
427,6,2025-01-29 22:16:31.840875
428,8,2025-01-29 22:16:31.840875
429,15,2025-01-29 22:16:31.840875
430,2,2025-01-29 22:16:31.840875
431,9,2025-01-29 22:16:31.840875
432,4,2025-01-29 22:16:31.840875
433,2,2025-01-29 22:16:31.840875
434,16,2025-01-29 22:16:31.840875
435,9,2025-01-29 22:16:31.840875
436,13,2025-01-29 22:16:31.840875
437,8,2025-01-29 22:16:31.840875
438,10,2025-01-29 22:16:31.840875
439,7,2025-01-29 22:16:31.840875
440,9,2025-01-29 22:16:31.840875
441,6,2025-01-29 22:16:31.840875
442,8,2025-01-29 22:16:31.840875
443,5,2025-01-29 22:16:31.840875
444,5,2025-01-29 22:16:31.840875
445,4,2025-01-29 22:16:31.840875
446,15,2025-01-29 22:16:31.840875
447,10,2025-01-29 22:16:31.840875
448,13,2025-01-29 22:16:31.840875
449,14,2025-01-29 22:16:31.840875
450,3,2025-01-29 22:16:31.840875
451,16,2025-01-29 22:16:31.840875
452,9,2025-01-29 22:16:31.840875
453,15,2025-01-29 22:16:31.840875
454,12,2025-01-29 22:16:31.840875
455,9,2025-01-29 22:16:31.840875
456,2,2025-01-29 22:16:31.840875
457,6,2025-01-29 22:16:31.840875
458,8,2025-01-29 22:16:31.840875
459,9,2025-01-29 22:16:31.840875
460,9,2025-01-29 22:16:31.840875
461,2,2025-01-29 22:16:31.840875
462,12,2025-01-29 22:16:31.840875
463,15,2025-01-29 22:16:31.840875
464,2,2025-01-29 22:16:31.840875
465,13,2025-01-29 22:16:31.840875
466,6,2025-01-29 22:16:31.840875
467,9,2025-01-29 22:16:31.840875
468,3,2025-01-29 22:16:31.840875
469,4,2025-01-29 22:16:31.840875
470,2,2025-01-29 22:16:31.840875
471,4,2025-01-29 22:16:31.840875
472,16,2025-01-29 22:16:31.840875
473,7,2025-01-29 22:16:31.840875
474,15,2025-01-29 22:16:31.840875
475,11,2025-01-29 22:16:31.840875
476,8,2025-01-29 22:16:31.840875
477,12,2025-01-29 22:16:31.840875
478,5,2025-01-29 22:16:31.840875
479,8,2025-01-29 22:16:31.840875
480,4,2025-01-29 22:16:31.840875
481,13,2025-01-29 22:16:31.840875
482,4,2025-01-29 22:16:31.840875
483,10,2025-01-29 22:16:31.840875
484,4,2025-01-29 22:16:31.840875
485,3,2025-01-29 22:16:31.840875
486,9,2025-01-29 22:16:31.840875
487,4,2025-01-29 22:16:31.840875
488,15,2025-01-29 22:16:31.840875
489,2,2025-01-29 22:16:31.840875
490,13,2025-01-29 22:16:31.840875
491,3,2025-01-29 22:16:31.840875
492,13,2025-01-29 22:16:31.840875
493,9,2025-01-29 22:16:31.840875
494,11,2025-01-29 22:16:31.840875
495,11,2025-01-29 22:16:31.840875
496,16,2025-01-29 22:16:31.840875
497,6,2025-01-29 22:16:31.840875
498,8,2025-01-29 22:16:31.840875
499,8,2025-01-29 22:16:31.840875
500,9,2025-01-29 22:16:31.840875
501,1,2025-01-29 22:16:31.840875
502,5,2025-01-29 22:16:31.840875
503,15,2025-01-29 22:16:31.840875
504,7,2025-01-29 22:16:31.840875
505,3,2025-01-29 22:16:31.840875
506,11,2025-01-29 22:16:31.840875
507,10,2025-01-29 22:16:31.840875
508,10,2025-01-29 22:16:31.840875
509,3,2025-01-29 22:16:31.840875
510,2,2025-01-29 22:16:31.840875
511,1,2025-01-29 22:16:31.840875
512,4,2025-01-29 22:16:31.840875
513,16,2025-01-29 22:16:31.840875
514,7,2025-01-29 22:16:31.840875
515,3,2025-01-29 22:16:31.840875
516,12,2025-01-29 22:16:31.840875
517,15,2025-01-29 22:16:31.840875
518,16,2025-01-29 22:16:31.840875
519,15,2025-01-29 22:16:31.840875
520,14,2025-01-29 22:16:31.840875
521,7,2025-01-29 22:16:31.840875
522,5,2025-01-29 22:16:31.840875
523,4,2025-01-29 22:16:31.840875
524,5,2025-01-29 22:16:31.840875
525,4,2025-01-29 22:16:31.840875
526,16,2025-01-29 22:16:31.840875
527,11,2025-01-29 22:16:31.840875
528,8,2025-01-29 22:16:31.840875
529,5,2025-01-29 22:16:31.840875
530,1,2025-01-29 22:16:31.840875
531,9,2025-01-29 22:16:31.840875
532,15,2025-01-29 22:16:31.840875
533,9,2025-01-29 22:16:31.840875
534,8,2025-01-29 22:16:31.840875
535,11,2025-01-29 22:16:31.840875
536,4,2025-01-29 22:16:31.840875
537,4,2025-01-29 22:16:31.840875
538,13,2025-01-29 22:16:31.840875
539,7,2025-01-29 22:16:31.840875
540,12,2025-01-29 22:16:31.840875
541,2,2025-01-29 22:16:31.840875
542,1,2025-01-29 22:16:31.840875
543,16,2025-01-29 22:16:31.840875
544,6,2025-01-29 22:16:31.840875
545,9,2025-01-29 22:16:31.840875
546,10,2025-01-29 22:16:31.840875
547,3,2025-01-29 22:16:31.840875
548,4,2025-01-29 22:16:31.840875
549,1,2025-01-29 22:16:31.840875
550,8,2025-01-29 22:16:31.840875
551,13,2025-01-29 22:16:31.840875
552,6,2025-01-29 22:16:31.840875
553,3,2025-01-29 22:16:31.840875
554,4,2025-01-29 22:16:31.840875
555,5,2025-01-29 22:16:31.840875
556,10,2025-01-29 22:16:31.840875
557,8,2025-01-29 22:16:31.840875
558,13,2025-01-29 22:16:31.840875
559,14,2025-01-29 22:16:31.840875
560,10,2025-01-29 22:16:31.840875
561,13,2025-01-29 22:16:31.840875
562,12,2025-01-29 22:16:31.840875
563,10,2025-01-29 22:16:31.840875
564,2,2025-01-29 22:16:31.840875
565,9,2025-01-29 22:16:31.840875
566,9,2025-01-29 22:16:31.840875
567,9,2025-01-29 22:16:31.840875
568,5,2025-01-29 22:16:31.840875
569,2,2025-01-29 22:16:31.840875
570,15,2025-01-29 22:16:31.840875
571,6,2025-01-29 22:16:31.840875
572,14,2025-01-29 22:16:31.840875
573,3,2025-01-29 22:16:31.840875
574,1,2025-01-29 22:16:31.840875
575,6,2025-01-29 22:16:31.840875
576,6,2025-01-29 22:16:31.840875
577,15,2025-01-29 22:16:31.840875
578,4,2025-01-29 22:16:31.840875
579,1,2025-01-29 22:16:31.840875
580,13,2025-01-29 22:16:31.840875
581,12,2025-01-29 22:16:31.840875
582,2,2025-01-29 22:16:31.840875
583,2,2025-01-29 22:16:31.840875
584,9,2025-01-29 22:16:31.840875
585,7,2025-01-29 22:16:31.840875
586,1,2025-01-29 22:16:31.840875
587,6,2025-01-29 22:16:31.840875
588,3,2025-01-29 22:16:31.840875
589,6,2025-01-29 22:16:31.840875
590,13,2025-01-29 22:16:31.840875
591,10,2025-01-29 22:16:31.840875
592,12,2025-01-29 22:16:31.840875
593,11,2025-01-29 22:16:31.840875
594,1,2025-01-29 22:16:31.840875
595,9,2025-01-29 22:16:31.840875
596,10,2025-01-29 22:16:31.840875
597,10,2025-01-29 22:16:31.840875
598,15,2025-01-29 22:16:31.840875
599,15,2025-01-29 22:16:31.840875
600,11,2025-01-29 22:16:31.840875
601,16,2025-01-29 22:16:31.840875
602,14,2025-01-29 22:16:31.840875
603,8,2025-01-29 22:16:31.840875
604,5,2025-01-29 22:16:31.840875
605,9,2025-01-29 22:16:31.840875
606,15,2025-01-29 22:16:31.840875
607,9,2025-01-29 22:16:31.840875
608,3,2025-01-29 22:16:31.840875
609,16,2025-01-29 22:16:31.840875
610,8,2025-01-29 22:16:31.840875
611,4,2025-01-29 22:16:31.840875
612,15,2025-01-29 22:16:31.840875
613,5,2025-01-29 22:16:31.840875
614,10,2025-01-29 22:16:31.840875
615,2,2025-01-29 22:16:31.840875
616,6,2025-01-29 22:16:31.840875
617,8,2025-01-29 22:16:31.840875
618,7,2025-01-29 22:16:31.840875
619,15,2025-01-29 22:16:31.840875
620,14,2025-01-29 22:16:31.840875
621,8,2025-01-29 22:16:31.840875
622,6,2025-01-29 22:16:31.840875
623,9,2025-01-29 22:16:31.840875
624,10,2025-01-29 22:16:31.840875
625,14,2025-01-29 22:16:31.840875
626,3,2025-01-29 22:16:31.840875
627,6,2025-01-29 22:16:31.840875
628,15,2025-01-29 22:16:31.840875
629,6,2025-01-29 22:16:31.840875
630,7,2025-01-29 22:16:31.840875
631,15,2025-01-29 22:16:31.840875
632,13,2025-01-29 22:16:31.840875
633,4,2025-01-29 22:16:31.840875
634,8,2025-01-29 22:16:31.840875
635,13,2025-01-29 22:16:31.840875
636,12,2025-01-29 22:16:31.840875
637,14,2025-01-29 22:16:31.840875
638,5,2025-01-29 22:16:31.840875
639,8,2025-01-29 22:16:31.840875
640,9,2025-01-29 22:16:31.840875
641,9,2025-01-29 22:16:31.840875
642,16,2025-01-29 22:16:31.840875
643,7,2025-01-29 22:16:31.840875
644,2,2025-01-29 22:16:31.840875
645,16,2025-01-29 22:16:31.840875
646,10,2025-01-29 22:16:31.840875
647,12,2025-01-29 22:16:31.840875
648,16,2025-01-29 22:16:31.840875
649,2,2025-01-29 22:16:31.840875
650,6,2025-01-29 22:16:31.840875
651,2,2025-01-29 22:16:31.840875
652,4,2025-01-29 22:16:31.840875
653,11,2025-01-29 22:16:31.840875
654,10,2025-01-29 22:16:31.840875
655,14,2025-01-29 22:16:31.840875
656,16,2025-01-29 22:16:31.840875
657,5,2025-01-29 22:16:31.840875
658,11,2025-01-29 22:16:31.840875
659,1,2025-01-29 22:16:31.840875
660,5,2025-01-29 22:16:31.840875
661,9,2025-01-29 22:16:31.840875
662,7,2025-01-29 22:16:31.840875
663,4,2025-01-29 22:16:31.840875
664,1,2025-01-29 22:16:31.840875
665,11,2025-01-29 22:16:31.840875
666,7,2025-01-29 22:16:31.840875
667,15,2025-01-29 22:16:31.840875
668,15,2025-01-29 22:16:31.840875
669,9,2025-01-29 22:16:31.840875
670,6,2025-01-29 22:16:31.840875
671,15,2025-01-29 22:16:31.840875
672,5,2025-01-29 22:16:31.840875
673,12,2025-01-29 22:16:31.840875
674,9,2025-01-29 22:16:31.840875
675,13,2025-01-29 22:16:31.840875
676,15,2025-01-29 22:16:31.840875
677,13,2025-01-29 22:16:31.840875
678,15,2025-01-29 22:16:31.840875
679,8,2025-01-29 22:16:31.840875
680,5,2025-01-29 22:16:31.840875
681,15,2025-01-29 22:16:31.840875
682,8,2025-01-29 22:16:31.840875
683,7,2025-01-29 22:16:31.840875
684,10,2025-01-29 22:16:31.840875
685,13,2025-01-29 22:16:31.840875
686,13,2025-01-29 22:16:31.840875
687,6,2025-01-29 22:16:31.840875
688,3,2025-01-29 22:16:31.840875
689,9,2025-01-29 22:16:31.840875
690,2,2025-01-29 22:16:31.840875
691,15,2025-01-29 22:16:31.840875
692,2,2025-01-29 22:16:31.840875
693,2,2025-01-29 22:16:31.840875
694,4,2025-01-29 22:16:31.840875
695,8,2025-01-29 22:16:31.840875
696,2,2025-01-29 22:16:31.840875
697,1,2025-01-29 22:16:31.840875
698,6,2025-01-29 22:16:31.840875
699,10,2025-01-29 22:16:31.840875
700,8,2025-01-29 22:16:31.840875
701,10,2025-01-29 22:16:31.840875
702,11,2025-01-29 22:16:31.840875
703,2,2025-01-29 22:16:31.840875
704,5,2025-01-29 22:16:31.840875
705,9,2025-01-29 22:16:31.840875
706,7,2025-01-29 22:16:31.840875
707,1,2025-01-29 22:16:31.840875
708,6,2025-01-29 22:16:31.840875
709,7,2025-01-29 22:16:31.840875
710,8,2025-01-29 22:16:31.840875
711,14,2025-01-29 22:16:31.840875
712,6,2025-01-29 22:16:31.840875
713,6,2025-01-29 22:16:31.840875
714,14,2025-01-29 22:16:31.840875
715,8,2025-01-29 22:16:31.840875
716,11,2025-01-29 22:16:31.840875
717,1,2025-01-29 22:16:31.840875
718,12,2025-01-29 22:16:31.840875
719,15,2025-01-29 22:16:31.840875
720,13,2025-01-29 22:16:31.840875
721,12,2025-01-29 22:16:31.840875
722,11,2025-01-29 22:16:31.840875
723,14,2025-01-29 22:16:31.840875
724,8,2025-01-29 22:16:31.840875
725,4,2025-01-29 22:16:31.840875
726,9,2025-01-29 22:16:31.840875
727,8,2025-01-29 22:16:31.840875
728,7,2025-01-29 22:16:31.840875
729,15,2025-01-29 22:16:31.840875
730,13,2025-01-29 22:16:31.840875
731,4,2025-01-29 22:16:31.840875
732,1,2025-01-29 22:16:31.840875
733,15,2025-01-29 22:16:31.840875
734,6,2025-01-29 22:16:31.840875
735,3,2025-01-29 22:16:31.840875
736,8,2025-01-29 22:16:31.840875
737,11,2025-01-29 22:16:31.840875
738,9,2025-01-29 22:16:31.840875
739,7,2025-01-29 22:16:31.840875
740,11,2025-01-29 22:16:31.840875
741,12,2025-01-29 22:16:31.840875
742,10,2025-01-29 22:16:31.840875
743,2,2025-01-29 22:16:31.840875
744,4,2025-01-29 22:16:31.840875
745,15,2025-01-29 22:16:31.840875
746,10,2025-01-29 22:16:31.840875
747,10,2025-01-29 22:16:31.840875
748,1,2025-01-29 22:16:31.840875
749,11,2025-01-29 22:16:31.840875
750,13,2025-01-29 22:16:31.840875
751,13,2025-01-29 22:16:31.840875
752,12,2025-01-29 22:16:31.840875
753,8,2025-01-29 22:16:31.840875
754,5,2025-01-29 22:16:31.840875
755,3,2025-01-29 22:16:31.840875
756,5,2025-01-29 22:16:31.840875
757,6,2025-01-29 22:16:31.840875
758,7,2025-01-29 22:16:31.840875
759,13,2025-01-29 22:16:31.840875
760,13,2025-01-29 22:16:31.840875
761,3,2025-01-29 22:16:31.840875
762,10,2025-01-29 22:16:31.840875
763,15,2025-01-29 22:16:31.840875
764,15,2025-01-29 22:16:31.840875
765,5,2025-01-29 22:16:31.840875
766,7,2025-01-29 22:16:31.840875
767,12,2025-01-29 22:16:31.840875
768,3,2025-01-29 22:16:31.840875
769,9,2025-01-29 22:16:31.840875
770,9,2025-01-29 22:16:31.840875
771,7,2025-01-29 22:16:31.840875
772,7,2025-01-29 22:16:31.840875
773,15,2025-01-29 22:16:31.840875
774,5,2025-01-29 22:16:31.840875
775,7,2025-01-29 22:16:31.840875
776,6,2025-01-29 22:16:31.840875
777,15,2025-01-29 22:16:31.840875
778,8,2025-01-29 22:16:31.840875
779,15,2025-01-29 22:16:31.840875
780,8,2025-01-29 22:16:31.840875
781,10,2025-01-29 22:16:31.840875
782,15,2025-01-29 22:16:31.840875
783,16,2025-01-29 22:16:31.840875
784,16,2025-01-29 22:16:31.840875
785,16,2025-01-29 22:16:31.840875
786,3,2025-01-29 22:16:31.840875
787,16,2025-01-29 22:16:31.840875
788,6,2025-01-29 22:16:31.840875
789,9,2025-01-29 22:16:31.840875
790,7,2025-01-29 22:16:31.840875
791,6,2025-01-29 22:16:31.840875
792,9,2025-01-29 22:16:31.840875
793,1,2025-01-29 22:16:31.840875
794,1,2025-01-29 22:16:31.840875
795,8,2025-01-29 22:16:31.840875
796,15,2025-01-29 22:16:31.840875
797,12,2025-01-29 22:16:31.840875
798,14,2025-01-29 22:16:31.840875
799,11,2025-01-29 22:16:31.840875
800,11,2025-01-29 22:16:31.840875
801,3,2025-01-29 22:16:31.840875
802,1,2025-01-29 22:16:31.840875
803,7,2025-01-29 22:16:31.840875
804,11,2025-01-29 22:16:31.840875
805,2,2025-01-29 22:16:31.840875
806,13,2025-01-29 22:16:31.840875
807,10,2025-01-29 22:16:31.840875
808,4,2025-01-29 22:16:31.840875
809,15,2025-01-29 22:16:31.840875
810,8,2025-01-29 22:16:31.840875
811,16,2025-01-29 22:16:31.840875
812,6,2025-01-29 22:16:31.840875
813,15,2025-01-29 22:16:31.840875
814,5,2025-01-29 22:16:31.840875
815,4,2025-01-29 22:16:31.840875
816,2,2025-01-29 22:16:31.840875
817,14,2025-01-29 22:16:31.840875
818,7,2025-01-29 22:16:31.840875
819,12,2025-01-29 22:16:31.840875
820,2,2025-01-29 22:16:31.840875
821,9,2025-01-29 22:16:31.840875
822,8,2025-01-29 22:16:31.840875
823,1,2025-01-29 22:16:31.840875
824,8,2025-01-29 22:16:31.840875
825,1,2025-01-29 22:16:31.840875
826,16,2025-01-29 22:16:31.840875
827,7,2025-01-29 22:16:31.840875
828,4,2025-01-29 22:16:31.840875
829,8,2025-01-29 22:16:31.840875
830,11,2025-01-29 22:16:31.840875
831,14,2025-01-29 22:16:31.840875
832,8,2025-01-29 22:16:31.840875
833,3,2025-01-29 22:16:31.840875
834,6,2025-01-29 22:16:31.840875
835,10,2025-01-29 22:16:31.840875
836,15,2025-01-29 22:16:31.840875
837,5,2025-01-29 22:16:31.840875
838,1,2025-01-29 22:16:31.840875
839,14,2025-01-29 22:16:31.840875
840,10,2025-01-29 22:16:31.840875
841,15,2025-01-29 22:16:31.840875
842,10,2025-01-29 22:16:31.840875
843,4,2025-01-29 22:16:31.840875
844,15,2025-01-29 22:16:31.840875
845,9,2025-01-29 22:16:31.840875
846,13,2025-01-29 22:16:31.840875
847,13,2025-01-29 22:16:31.840875
848,16,2025-01-29 22:16:31.840875
849,2,2025-01-29 22:16:31.840875
850,1,2025-01-29 22:16:31.840875
851,15,2025-01-29 22:16:31.840875
852,3,2025-01-29 22:16:31.840875
853,3,2025-01-29 22:16:31.840875
854,11,2025-01-29 22:16:31.840875
855,6,2025-01-29 22:16:31.840875
856,11,2025-01-29 22:16:31.840875
857,5,2025-01-29 22:16:31.840875
858,5,2025-01-29 22:16:31.840875
859,2,2025-01-29 22:16:31.840875
860,14,2025-01-29 22:16:31.840875
861,10,2025-01-29 22:16:31.840875
862,4,2025-01-29 22:16:31.840875
863,14,2025-01-29 22:16:31.840875
864,3,2025-01-29 22:16:31.840875
865,2,2025-01-29 22:16:31.840875
866,8,2025-01-29 22:16:31.840875
867,8,2025-01-29 22:16:31.840875
868,16,2025-01-29 22:16:31.840875
869,1,2025-01-29 22:16:31.840875
870,11,2025-01-29 22:16:31.840875
871,5,2025-01-29 22:16:31.840875
872,16,2025-01-29 22:16:31.840875
873,3,2025-01-29 22:16:31.840875
874,4,2025-01-29 22:16:31.840875
875,15,2025-01-29 22:16:31.840875
876,11,2025-01-29 22:16:31.840875
877,12,2025-01-29 22:16:31.840875
878,16,2025-01-29 22:16:31.840875
879,12,2025-01-29 22:16:31.840875
880,2,2025-01-29 22:16:31.840875
881,11,2025-01-29 22:16:31.840875
882,7,2025-01-29 22:16:31.840875
883,3,2025-01-29 22:16:31.840875
884,12,2025-01-29 22:16:31.840875
885,11,2025-01-29 22:16:31.840875
886,2,2025-01-29 22:16:31.840875
887,2,2025-01-29 22:16:31.840875
888,6,2025-01-29 22:16:31.840875
889,3,2025-01-29 22:16:31.840875
890,15,2025-01-29 22:16:31.840875
891,4,2025-01-29 22:16:31.840875
892,2,2025-01-29 22:16:31.840875
893,14,2025-01-29 22:16:31.840875
894,16,2025-01-29 22:16:31.840875
895,4,2025-01-29 22:16:31.840875
896,3,2025-01-29 22:16:31.840875
897,7,2025-01-29 22:16:31.840875
898,15,2025-01-29 22:16:31.840875
899,4,2025-01-29 22:16:31.840875
900,9,2025-01-29 22:16:31.840875
901,2,2025-01-29 22:16:31.840875
902,15,2025-01-29 22:16:31.840875
903,16,2025-01-29 22:16:31.840875
904,11,2025-01-29 22:16:31.840875
905,5,2025-01-29 22:16:31.840875
906,5,2025-01-29 22:16:31.840875
907,7,2025-01-29 22:16:31.840875
908,9,2025-01-29 22:16:31.840875
909,11,2025-01-29 22:16:31.840875
910,7,2025-01-29 22:16:31.840875
911,1,2025-01-29 22:16:31.840875
912,14,2025-01-29 22:16:31.840875
913,13,2025-01-29 22:16:31.840875
914,16,2025-01-29 22:16:31.840875
915,1,2025-01-29 22:16:31.840875
916,2,2025-01-29 22:16:31.840875
917,15,2025-01-29 22:16:31.840875
918,3,2025-01-29 22:16:31.840875
919,10,2025-01-29 22:16:31.840875
920,13,2025-01-29 22:16:31.840875
921,12,2025-01-29 22:16:31.840875
922,11,2025-01-29 22:16:31.840875
923,7,2025-01-29 22:16:31.840875
924,14,2025-01-29 22:16:31.840875
925,6,2025-01-29 22:16:31.840875
926,6,2025-01-29 22:16:31.840875
927,1,2025-01-29 22:16:31.840875
928,3,2025-01-29 22:16:31.840875
929,9,2025-01-29 22:16:31.840875
930,14,2025-01-29 22:16:31.840875
931,16,2025-01-29 22:16:31.840875
932,5,2025-01-29 22:16:31.840875
933,13,2025-01-29 22:16:31.840875
934,10,2025-01-29 22:16:31.840875
935,13,2025-01-29 22:16:31.840875
936,12,2025-01-29 22:16:31.840875
937,13,2025-01-29 22:16:31.840875
938,5,2025-01-29 22:16:31.840875
939,5,2025-01-29 22:16:31.840875
940,15,2025-01-29 22:16:31.840875
941,10,2025-01-29 22:16:31.840875
942,7,2025-01-29 22:16:31.840875
943,6,2025-01-29 22:16:31.840875
944,7,2025-01-29 22:16:31.840875
945,6,2025-01-29 22:16:31.840875
946,8,2025-01-29 22:16:31.840875
947,9,2025-01-29 22:16:31.840875
948,13,2025-01-29 22:16:31.840875
949,10,2025-01-29 22:16:31.840875
950,4,2025-01-29 22:16:31.840875
951,4,2025-01-29 22:16:31.840875
952,6,2025-01-29 22:16:31.840875
953,2,2025-01-29 22:16:31.840875
954,13,2025-01-29 22:16:31.840875
955,3,2025-01-29 22:16:31.840875
956,10,2025-01-29 22:16:31.840875
957,9,2025-01-29 22:16:31.840875
958,7,2025-01-29 22:16:31.840875
959,3,2025-01-29 22:16:31.840875
960,6,2025-01-29 22:16:31.840875
961,9,2025-01-29 22:16:31.840875
962,4,2025-01-29 22:16:31.840875
963,2,2025-01-29 22:16:31.840875
964,1,2025-01-29 22:16:31.840875
965,11,2025-01-29 22:16:31.840875
966,6,2025-01-29 22:16:31.840875
967,14,2025-01-29 22:16:31.840875
968,1,2025-01-29 22:16:31.840875
969,7,2025-01-29 22:16:31.840875
970,4,2025-01-29 22:16:31.840875
971,9,2025-01-29 22:16:31.840875
972,14,2025-01-29 22:16:31.840875
973,6,2025-01-29 22:16:31.840875
974,13,2025-01-29 22:16:31.840875
975,8,2025-01-29 22:16:31.840875
976,10,2025-01-29 22:16:31.840875
977,16,2025-01-29 22:16:31.840875
978,5,2025-01-29 22:16:31.840875
979,7,2025-01-29 22:16:31.840875
980,12,2025-01-29 22:16:31.840875
981,16,2025-01-29 22:16:31.840875
982,1,2025-01-29 22:16:31.840875
983,12,2025-01-29 22:16:31.840875
984,9,2025-01-29 22:16:31.840875
985,14,2025-01-29 22:16:31.840875
986,2,2025-01-29 22:16:31.840875
987,12,2025-01-29 22:16:31.840875
988,16,2025-01-29 22:16:31.840875
989,16,2025-01-29 22:16:31.840875
990,11,2025-01-29 22:16:31.840875
991,1,2025-01-29 22:16:31.840875
992,6,2025-01-29 22:16:31.840875
993,3,2025-01-29 22:16:31.840875
994,13,2025-01-29 22:16:31.840875
995,11,2025-01-29 22:16:31.840875
996,6,2025-01-29 22:16:31.840875
997,12,2025-01-29 22:16:31.840875
998,11,2025-01-29 22:16:31.840875
999,3,2025-01-29 22:16:31.840875
1000,5,2025-01-29 22:16:31.840875
